id,lang,type
1989 Tiananmen Square protests,{'en': 1},article
AmateurEditor,"{'en': 56, 'zh': 0}",user
173.164.46.193,"{'en': 1, 'zh': 0}",user
El C,"{'en': 2, 'zh': 0}",user
97.115.79.8,"{'en': 1, 'zh': 0}",user
BabelStone,"{'en': 63, 'zh': 60}",user
Ifnord,"{'en': 89, 'zh': 0}",user
DittyReacts,"{'en': 2, 'zh': 0}",user
Ipeedmypants lol,"{'en': 1, 'zh': 0}",user
92.67.15.105,"{'en': 38, 'zh': 0}",user
Auspicious bwszd,"{'en': 1, 'zh': 0}",user
HaeB,"{'en': 94, 'zh': 3}",user
2600:100c:b059:be49:35c4:5f5:dd9f:5c3,"{'en': 1, 'zh': 0}",user
2a00:23c5:d019:3d01:11fd:e9b:7356:b7e7,"{'en': 1, 'zh': 0}",user
Corn Kernel,"{'en': 1, 'zh': 0}",user
Wcam,"{'en': 74, 'zh': 67}",user
Havsjö,"{'en': 1, 'zh': 0}",user
2607:fea8:a240:110:d124:56e5:7c1c:d02f,"{'en': 3, 'zh': 0}",user
36.71.235.186,"{'en': 3, 'zh': 0}",user
113.20.22.71,"{'en': 2, 'zh': 2}",user
113.20.22.103,"{'en': 1, 'zh': 2}",user
ClueBot NG,"{'en': 1, 'zh': 0}",user
Helpmechoose696969,"{'en': 1, 'zh': 0}",user
Azboi,"{'en': 72, 'zh': 0}",user
Rodrigo Valequez,"{'en': 1, 'zh': 0}",user
103.252.200.252,"{'en': 30, 'zh': 0}",user
49.183.58.15,"{'en': 5, 'zh': 0}",user
CLCStudent,"{'en': 82, 'zh': 0}",user
92.40.168.13,"{'en': 1, 'zh': 0}",user
Serols,"{'en': 87, 'zh': 0}",user
46.233.77.19,"{'en': 2, 'zh': 0}",user
24.5.217.173,"{'en': 30, 'zh': 1}",user
Charles Essie,"{'en': 1, 'zh': 0}",user
124.148.179.126,"{'en': 1, 'zh': 0}",user
75.98.137.18,"{'en': 1, 'zh': 0}",user
Iridescent,"{'en': 99, 'zh': 0}",user
49.180.0.62,"{'en': 3, 'zh': 0}",user
2601:188:180:b8e0:65f5:930c:b0b2:cd63,"{'en': 57, 'zh': 0}",user
185.135.2.103,"{'en': 1, 'zh': 0}",user
2a00:23c6:a128:5d01:15af:e537:32f:5ef7,"{'en': 1, 'zh': 0}",user
DemocraticLuntz,"{'en': 95, 'zh': 0}",user
103.93.115.18,"{'en': 9, 'zh': 0}",user
IdreamofJeanie,"{'en': 90, 'zh': 0}",user
81.135.89.7,"{'en': 2, 'zh': 0}",user
DemonDays64 Bot,"{'en': 1, 'zh': 0}",user
Oshwah,"{'en': 80, 'zh': 0}",user
130.65.254.15,"{'en': 23, 'zh': 0}",user
Chris the speller,"{'en': 1, 'zh': 0}",user
211.25.62.90,"{'en': 10, 'zh': 0}",user
LynxTufts,"{'en': 95, 'zh': 0}",user
2605:6000:151f:c8d0:7486:36e1:6347:2a1c,"{'en': 1, 'zh': 0}",user
TheEpicGhosty,"{'en': 30, 'zh': 0}",user
Teddy.Coughlin,"{'en': 20, 'zh': 0}",user
199.85.82.130,"{'en': 7, 'zh': 0}",user
A. Randomdude0000,"{'en': 1, 'zh': 0}",user
2605:a000:1005:822d:6458:387b:b54e:8d80,"{'en': 2, 'zh': 0}",user
Theeddiebear888,"{'en': 16, 'zh': 0}",user
Matthew hk,"{'en': 2, 'zh': 0}",user
Jing345,"{'en': 60, 'zh': 47}",user
Hugo999,"{'en': 84, 'zh': 0}",user
Citobun,"{'en': 73, 'zh': 24}",user
Lutein678,"{'en': 67, 'zh': 10}",user
109.201.38.172,"{'en': 1, 'zh': 0}",user
CaradhrasAiguo,"{'en': 65, 'zh': 74}",user
Elementautumn,"{'en': 45, 'zh': 22}",user
BarryLi,"{'en': 8, 'zh': 0}",user
Monkbot,"{'en': 101, 'zh': 0}",user
Tony1,"{'en': 96, 'zh': 0}",user
Robinlew0,"{'en': 2, 'zh': 0}",user
66.154.176.39,"{'en': 23, 'zh': 0}",user
InternetArchiveBot,"{'en': 102, 'zh': 102}",user
Jusdafax,"{'en': 91, 'zh': 0}",user
BananaX2NUTscholar,"{'en': 3, 'zh': 0}",user
Gog the Mild,"{'en': 2, 'zh': 0}",user
Quindog,"{'en': 1, 'zh': 0}",user
Citation bot,"{'en': 2, 'zh': 0}",user
Thegamingkinh,"{'en': 2, 'zh': 0}",user
216.56.20.114,"{'en': 54, 'zh': 0}",user
88.98.92.69,"{'en': 5, 'zh': 0}",user
Dimadick,"{'en': 70, 'zh': 0}",user
212.139.32.46,"{'en': 18, 'zh': 0}",user
209.124.167.206,"{'en': 10, 'zh': 0}",user
159.61.192.10,"{'en': 15, 'zh': 0}",user
165.166.63.70,"{'en': 21, 'zh': 0}",user
Bsherr,"{'en': 73, 'zh': 0}",user
FlightTime,"{'en': 74, 'zh': 5}",user
2607:9880:2f38:41:4d89:c93d:2e79:15f5,"{'en': 1, 'zh': 0}",user
Raspberry144mb,"{'en': 8, 'zh': 0}",user
JustinMatrose,"{'en': 5, 'zh': 0}",user
DumbBOT,"{'en': 71, 'zh': 0}",user
Bobbychan193,"{'en': 42, 'zh': 2}",user
Tbhotch,"{'en': 79, 'zh': 6}",user
Johnuniq,"{'en': 76, 'zh': 23}",user
FlightTime Phone,"{'en': 1, 'zh': 0}",user
2601:647:4f00:3cb0:6ce2:a366:c9f0:f00d,"{'en': 1, 'zh': 0}",user
2a02:c7f:c206:e400:e5d0:3fd9:80f2:9704,"{'en': 2, 'zh': 0}",user
I'm not perfect but I'm almost,"{'en': 1, 'zh': 0}",user
2600:387:0:803::62,"{'en': 16, 'zh': 0}",user
NotAChineseBot,"{'en': 2, 'zh': 0}",user
2600:1004:b045:b201:0:3a:bf31:a301,"{'en': 1, 'zh': 0}",user
Sun Creator,"{'en': 1, 'zh': 0}",user
Amigao,"{'en': 55, 'zh': 0}",user
Rich Farmbrough,"{'en': 1, 'zh': 0}",user
KingSkyLord,"{'en': 84, 'zh': 0}",user
Voice of Clam,"{'en': 1, 'zh': 0}",user
PaulinSaudi,"{'en': 60, 'zh': 0}",user
Popcornfud,"{'en': 60, 'zh': 1}",user
ModishShrink,"{'en': 36, 'zh': 0}",user
Tacoblimpfan,"{'en': 64, 'zh': 0}",user
Cratophonos,"{'en': 14, 'zh': 0}",user
Wei4Green,"{'en': 45, 'zh': 37}",user
Whiteghost.ink,"{'en': 27, 'zh': 0}",user
Marnie Hawes,"{'en': 1, 'zh': 0}",user
Clarityfiend,"{'en': 71, 'zh': 0}",user
Buffs,"{'en': 38, 'zh': 0}",user
BrownHairedGirl,"{'en': 95, 'zh': 1}",user
RL0919,"{'en': 88, 'zh': 1}",user
ImageRemovalBot,"{'en': 87, 'zh': 0}",user
DGG,"{'en': 74, 'zh': 0}",user
The Account 1,"{'en': 1, 'zh': 0}",user
ParadiseDesertOasis8888,"{'en': 45, 'zh': 0}",user
MetaClaudia,"{'en': 34, 'zh': 0}",user
Chrisbao8325,"{'en': 73, 'zh': 0}",user
AzfarShams,"{'en': 42, 'zh': 0}",user
RMCD bot,"{'en': 1, 'zh': 0}",user
嘉傑,"{'en': 2, 'zh': 2}",user
Mangokeylime,"{'en': 50, 'zh': 0}",user
Agamemnus,"{'en': 63, 'zh': 0}",user
Zozz747,"{'en': 30, 'zh': 0}",user
45.18.125.207,"{'en': 1, 'zh': 0}",user
Craftshafter420,"{'en': 1, 'zh': 0}",user
LizardJr8,"{'en': 83, 'zh': 0}",user
37.30.16.251,"{'en': 2, 'zh': 0}",user
208.98.201.126,"{'en': 1, 'zh': 0}",user
Nizolan,"{'en': 35, 'zh': 2}",user
14.0.172.136,"{'en': 1, 'zh': 4}",user
200.83.221.15,"{'en': 1, 'zh': 0}",user
Signedzzz,"{'en': 38, 'zh': 0}",user
27.67.189.35,"{'en': 1, 'zh': 0}",user
KolbertBot,"{'en': 101, 'zh': 0}",user
Alexkyoung,"{'en': 2, 'zh': 34}",user
Mistakefinder,"{'en': 81, 'zh': 89}",user
Jaywubba1887,"{'en': 57, 'zh': 0}",user
Error,"{'en': 57, 'zh': 0}",user
Mebden,"{'en': 66, 'zh': 0}",user
Lingzhi2,"{'en': 10, 'zh': 0}",user
Colipon,"{'en': 45, 'zh': 66}",user
Manabimasu,"{'en': 65, 'zh': 0}",user
Ealdgyth,"{'en': 51, 'zh': 0}",user
Jbitte,"{'en': 26, 'zh': 0}",user
Mdu02,"{'en': 28, 'zh': 0}",user
Mularoma,"{'en': 10, 'zh': 0}",user
ManuRoquette,"{'en': 31, 'zh': 0}",user
Triggerhippie4,"{'en': 43, 'zh': 16}",user
Kku,"{'en': 85, 'zh': 0}",user
Tuanminh01,"{'en': 61, 'zh': 8}",user
Lawrencekhoo,"{'en': 76, 'zh': 0}",user
Peter Kaminski,"{'en': 1, 'zh': 0}",user
TerryForTibet,"{'en': 23, 'zh': 0}",user
Laszlo Panaflex,"{'en': 1, 'zh': 0}",user
Ddddbbbb,"{'en': 77, 'zh': 0}",user
"Careful With That Axe, Eugene","{'en': 1, 'zh': 0}",user
Ashmoo,"{'en': 47, 'zh': 0}",user
HansJohan808,"{'en': 32, 'zh': 0}",user
LachlanA,"{'en': 75, 'zh': 0}",user
Froglich,"{'en': 62, 'zh': 0}",user
Srich32977,"{'en': 40, 'zh': 0}",user
94rain,"{'en': 67, 'zh': 101}",user
Thunderforge,"{'en': 48, 'zh': 0}",user
Dabby12,"{'en': 26, 'zh': 1}",user
Ihardlythinkso,"{'en': 23, 'zh': 1}",user
Wallacoloo,"{'en': 72, 'zh': 0}",user
Susmuffin,"{'en': 54, 'zh': 0}",user
Praemonitus,"{'en': 36, 'zh': 0}",user
Jonathunder,"{'en': 72, 'zh': 27}",user
ReyHahn,"{'en': 23, 'zh': 0}",user
Javert2113,"{'en': 78, 'zh': 0}",user
2605:e000:1303:4e96:5567:6487:b514:c6de,"{'en': 1, 'zh': 0}",user
118.201.50.146,"{'en': 2, 'zh': 0}",user
Torntissuebox,"{'en': 4, 'zh': 0}",user
Imaskar,"{'en': 2, 'zh': 0}",user
2607:fcc8:a0ce:ba00:a952:a2ce:9191:bf1f,"{'en': 1, 'zh': 0}",user
46.26.130.160,"{'en': 1, 'zh': 0}",user
EmperorAzazel,"{'en': 1, 'zh': 0}",user
213.233.149.11,"{'en': 36, 'zh': 0}",user
216.162.20.193,"{'en': 54, 'zh': 0}",user
JJMC89,"{'en': 101, 'zh': 9}",user
Materialscientist,"{'en': 95, 'zh': 96}",user
Maxfullhigh,"{'en': 40, 'zh': 1}",user
203.186.92.27,"{'en': 5, 'zh': 6}",user
MusikBot,"{'en': 66, 'zh': 0}",user
Jogarz1921,"{'en': 60, 'zh': 0}",user
Happychickeman,"{'en': 15, 'zh': 0}",user
Trappist the monk,"{'en': 2, 'zh': 0}",user
Koavf,"{'en': 55, 'zh': 54}",user
CAN-YEG-MAN,"{'en': 26, 'zh': 0}",user
Rkjon,"{'en': 15, 'zh': 0}",user
YouTable,"{'en': 8, 'zh': 37}",user
Narky Blert,"{'en': 1, 'zh': 0}",user
AManWithNoPlan,"{'en': 18, 'zh': 0}",user
Deepfriedokra,"{'en': 48, 'zh': 0}",user
Chewings72,"{'en': 89, 'zh': 0}",user
77.251.174.211,"{'en': 9, 'zh': 0}",user
Speedyplane2247-M,"{'en': 3, 'zh': 0}",user
89.197.68.205,"{'en': 24, 'zh': 0}",user
MoofEMP,"{'en': 38, 'zh': 0}",user
173.153.148.121,"{'en': 1, 'zh': 0}",user
157.131.93.12,"{'en': 1, 'zh': 0}",user
Oofta,"{'en': 2, 'zh': 0}",user
74.139.102.34,"{'en': 2, 'zh': 0}",user
Markhannelly,"{'en': 2, 'zh': 0}",user
Bruhmoment42069,"{'en': 1, 'zh': 0}",user
Path slopu,"{'en': 1, 'zh': 0}",user
Bruh12564,"{'en': 1, 'zh': 0}",user
FrescoBot,"{'en': 98, 'zh': 1}",user
Deor,"{'en': 80, 'zh': 1}",user
2601:145:600:4240:8503:93f3:49:752b,"{'en': 1, 'zh': 0}",user
Richard-of-Earth,"{'en': 61, 'zh': 0}",user
Lydddnickkk,"{'en': 18, 'zh': 32}",user
Steeve815,"{'en': 92, 'zh': 0}",user
Poopynibba,"{'en': 1, 'zh': 0}",user
153.219.11.182,"{'en': 1, 'zh': 0}",user
83.28.193.229,"{'en': 2, 'zh': 0}",user
Second Skin,"{'en': 1, 'zh': 0}",user
171.60.148.242,"{'en': 1, 'zh': 0}",user
Goodboijpeg,"{'en': 7, 'zh': 0}",user
143.50.186.71,"{'en': 1, 'zh': 0}",user
116.77.73.255,"{'en': 1, 'zh': 0}",user
Hong Kong,{'en': 1},article
OAbot,"{'en': 101, 'zh': 0}",user
AnomieBOT,"{'en': 94, 'zh': 0}",user
Lentower,"{'en': 33, 'zh': 0}",user
Deipnosophista,"{'en': 58, 'zh': 0}",user
MarkH21,"{'en': 40, 'zh': 1}",user
Sir Aman Gulati,"{'en': 1, 'zh': 0}",user
Felixishim,"{'en': 23, 'zh': 31}",user
Taekhosong,"{'en': 60, 'zh': 62}",user
Knight of Gloucestershire,"{'en': 1, 'zh': 0}",user
Jackiechanbruceleekungfu,"{'en': 38, 'zh': 0}",user
MrHistorianDude,"{'en': 73, 'zh': 0}",user
Q. Northropi,"{'en': 1, 'zh': 0}",user
Feinoa,"{'en': 40, 'zh': 0}",user
Sun8908,"{'en': 13, 'zh': 74}",user
Interinter321,"{'en': 24, 'zh': 38}",user
Geographyinitiative,"{'en': 27, 'zh': 56}",user
BladeRunner2077,"{'en': 32, 'zh': 34}",user
Bluesatellite,"{'en': 65, 'zh': 1}",user
A smart brainy man,"{'en': 1, 'zh': 0}",user
TravisGTAGamer,"{'en': 74, 'zh': 0}",user
Rjensen,"{'en': 25, 'zh': 0}",user
Peter1170,"{'en': 15, 'zh': 2}",user
LivinAWestLife,"{'en': 69, 'zh': 3}",user
Doanri,"{'en': 70, 'zh': 5}",user
LegioV,"{'en': 80, 'zh': 0}",user
Yeungkahchun,"{'en': 35, 'zh': 3}",user
Lysimachi,"{'en': 43, 'zh': 75}",user
Josqu,"{'en': 65, 'zh': 0}",user
Horserice,"{'en': 17, 'zh': 0}",user
KConWiki,"{'en': 29, 'zh': 0}",user
Reenem,"{'en': 47, 'zh': 0}",user
Dawnseeker2000,"{'en': 93, 'zh': 0}",user
Ohconfucius,"{'en': 51, 'zh': 46}",user
Yungeditor,"{'en': 26, 'zh': 0}",user
Kdm852,"{'en': 56, 'zh': 2}",user
Metalduky54,"{'en': 24, 'zh': 0}",user
Wrath X,"{'en': 1, 'zh': 0}",user
Rjwilmsi,"{'en': 75, 'zh': 0}",user
Alarjar,"{'en': 39, 'zh': 0}",user
Maximajorian Viridio,"{'en': 1, 'zh': 0}",user
Bender the Bot,"{'en': 1, 'zh': 0}",user
Nicholas0,"{'en': 66, 'zh': 1}",user
Jargo Nautilus,"{'en': 1, 'zh': 0}",user
Kiteinthewind,"{'en': 56, 'zh': 40}",user
Wefk423,"{'en': 67, 'zh': 31}",user
Peter Yeung,"{'en': 1, 'zh': 0}",user
HeisenbergPinkman,"{'en': 29, 'zh': 0}",user
Joeccho,"{'en': 45, 'zh': 40}",user
Hari147,"{'en': 61, 'zh': 0}",user
MrOllie,"{'en': 85, 'zh': 4}",user
CO888,"{'en': 14, 'zh': 0}",user
Interstellarity,"{'en': 60, 'zh': 0}",user
MB,"{'en': 56, 'zh': 0}",user
Alexanderlam128,"{'en': 46, 'zh': 49}",user
PVQZ,"{'en': 11, 'zh': 1}",user
SovanDara,"{'en': 33, 'zh': 0}",user
Dogdsmv342d,"{'en': 56, 'zh': 67}",user
YuriGagrin12,"{'en': 44, 'zh': 0}",user
Ivanlm78,"{'en': 23, 'zh': 0}",user
Sleath56,"{'en': 27, 'zh': 0}",user
Ethanmayersweet,"{'en': 61, 'zh': 0}",user
Colonestarrice,"{'en': 30, 'zh': 0}",user
Flyguy1020,"{'en': 98, 'zh': 0}",user
Ipodendtz,"{'en': 29, 'zh': 0}",user
ChrisWar666,"{'en': 46, 'zh': 1}",user
Bonthefox3,"{'en': 49, 'zh': 0}",user
Kinglogic,"{'en': 50, 'zh': 0}",user
KREOH,"{'en': 68, 'zh': 0}",user
Doseiai2,"{'en': 47, 'zh': 0}",user
CaptainDaniel23,"{'en': 31, 'zh': 0}",user
Roselle Charles,"{'en': 1, 'zh': 0}",user
STSC,"{'en': 20, 'zh': 8}",user
Sirlanz,"{'en': 26, 'zh': 2}",user
DOR (HK),"{'en': 1, 'zh': 0}",user
Opera fera,"{'en': 1, 'zh': 0}",user
Vanamonde93,"{'en': 58, 'zh': 0}",user
142.55.0.14,"{'en': 35, 'zh': 0}",user
38.140.15.75,"{'en': 12, 'zh': 0}",user
Kudpung,"{'en': 50, 'zh': 0}",user
DreamLinker,"{'en': 36, 'zh': 0}",user
DerekHistorian,"{'en': 19, 'zh': 0}",user
Robynthehode,"{'en': 74, 'zh': 0}",user
Pageseditor,"{'en': 34, 'zh': 0}",user
Simonm223,"{'en': 28, 'zh': 0}",user
Feer,"{'en': 54, 'zh': 0}",user
Underwaterbuffalo,"{'en': 72, 'zh': 56}",user
10MB,"{'en': 63, 'zh': 0}",user
LeoC12,"{'en': 51, 'zh': 0}",user
Prisencolin,"{'en': 38, 'zh': 10}",user
Cavercse,"{'en': 9, 'zh': 0}",user
PoetVeches,"{'en': 15, 'zh': 3}",user
Frietjes,"{'en': 91, 'zh': 26}",user
Chickensarebleepssorryuncle,"{'en': 81, 'zh': 1}",user
BIGtoken,"{'en': 9, 'zh': 0}",user
Tart,"{'en': 25, 'zh': 60}",user
Boud,"{'en': 38, 'zh': 0}",user
KevinP,"{'en': 80, 'zh': 0}",user
Cold Season,"{'en': 1, 'zh': 0}",user
Magyar25,"{'en': 41, 'zh': 0}",user
Guofenghao22,"{'en': 19, 'zh': 2}",user
JamesLee,"{'en': 74, 'zh': 49}",user
Hunter Hutchins,"{'en': 1, 'zh': 0}",user
Cooleric,"{'en': 56, 'zh': 0}",user
Colliric,"{'en': 56, 'zh': 0}",user
WP Ludicer,"{'en': 1, 'zh': 0}",user
Dafteire,"{'en': 61, 'zh': 0}",user
Jozamba,"{'en': 68, 'zh': 0}",user
Fullmetal2887,"{'en': 34, 'zh': 0}",user
Canterbury Tail,"{'en': 1, 'zh': 0}",user
Haqeem Putra,"{'en': 1, 'zh': 0}",user
Cosmopolitan268,"{'en': 43, 'zh': 0}",user
KingofGangsters,"{'en': 69, 'zh': 1}",user
Dmx239,"{'en': 14, 'zh': 0}",user
Jo-Jo Eumerus,"{'en': 1, 'zh': 0}",user
Super5000,"{'en': 9, 'zh': 7}",user
GreenC bot,"{'en': 1, 'zh': 0}",user
Shellwood,"{'en': 80, 'zh': 0}",user
19chiaki97,"{'en': 2, 'zh': 0}",user
Dayirmiter,"{'en': 49, 'zh': 0}",user
ZombieStar,"{'en': 29, 'zh': 0}",user
Mx. Granger,"{'en': 1, 'zh': 0}",user
I dream of horses,"{'en': 1, 'zh': 0}",user
White whirlwind,"{'en': 1, 'zh': 0}",user
Hoav777,"{'en': 12, 'zh': 42}",user
Somebody500,"{'en': 83, 'zh': 0}",user
Mikeblas,"{'en': 66, 'zh': 1}",user
RaviC,"{'en': 71, 'zh': 18}",user
Pol098,"{'en': 49, 'zh': 0}",user
Tobby72,"{'en': 65, 'zh': 4}",user
Werdna,"{'en': 62, 'zh': 2}",user
Obzerva,"{'en': 24, 'zh': 0}",user
Moalli,"{'en': 35, 'zh': 0}",user
P.T. Aufrette,"{'en': 1, 'zh': 0}",user
Sesamehoneytart,"{'en': 97, 'zh': 0}",user
Nickkpoon,"{'en': 51, 'zh': 3}",user
Robertogamerxxx,"{'en': 54, 'zh': 1}",user
Lmmnhn,"{'en': 27, 'zh': 20}",user
Þjarkur,"{'en': 1, 'zh': 0}",user
Ashis Mitra,"{'en': 1, 'zh': 0}",user
WardaddyInTheMood,"{'en': 36, 'zh': 0}",user
Benjaminikuta,"{'en': 70, 'zh': 0}",user
WillisChiuYT,"{'en': 10, 'zh': 0}",user
Ariadacapo,"{'en': 72, 'zh': 15}",user
Rchard2scout,"{'en': 97, 'zh': 0}",user
SS49,"{'en': 69, 'zh': 1}",user
DarrenPHS,"{'en': 21, 'zh': 0}",user
Rzzgn,"{'en': 39, 'zh': 46}",user
NiciVampireHeart,"{'en': 83, 'zh': 0}",user
Foster tree,"{'en': 1, 'zh': 0}",user
Vamvima,"{'en': 5, 'zh': 0}",user
Doctorsdse,"{'en': 34, 'zh': 46}",user
Moxy,"{'en': 50, 'zh': 1}",user
Cheenarman,"{'en': 55, 'zh': 0}",user
Kanguole,"{'en': 62, 'zh': 1}",user
Kwamikagami,"{'en': 39, 'zh': 48}",user
Radom1967,"{'en': 44, 'zh': 1}",user
MainBody,"{'en': 31, 'zh': 37}",user
“六四事件”的版本历史 - 维基百科，自由的百科全书,{'zh': 1},article
Nexusyeh,"{'en': 8, 'zh': 51}",user
Megumisbs,"{'en': 55, 'zh': 45}",user
Shizhao,"{'en': 68, 'zh': 67}",user
Huanqiu,"{'en': 0, 'zh': 51}",user
ZWH2020ZY,"{'en': 0, 'zh': 33}",user
Kixean777,"{'en': 38, 'zh': 54}",user
AlexLeeCN,"{'en': 4, 'zh': 55}",user
Natureindex,"{'en': 6, 'zh': 17}",user
雷电剑雨,"{'en': 0, 'zh': 1}",user
Peter-bomb king,"{'en': 0, 'zh': 1}",user
Techyan,"{'en': 22, 'zh': 78}",user
Wjabc1996bingnan,"{'en': 2, 'zh': 42}",user
D7CY689,"{'en': 1, 'zh': 32}",user
420peace,"{'en': 16, 'zh': 16}",user
アハちゃん,"{'en': 0, 'zh': 1}",user
朴益顺安,"{'en': 0, 'zh': 1}",user
乘龙观音,"{'en': 0, 'zh': 1}",user
Patlabor Ingram,"{'en': 0, 'zh': 1}",user
Njzjz,"{'en': 38, 'zh': 61}",user
No1lovesu,"{'en': 28, 'zh': 30}",user
Aronlee90,"{'en': 64, 'zh': 63}",user
蟲蟲飛,"{'en': 0, 'zh': 1}",user
Ericliu1912,"{'en': 27, 'zh': 48}",user
Sunny00217,"{'en': 12, 'zh': 64}",user
炸裂香巴,"{'en': 0, 'zh': 1}",user
61.239.159.149,"{'en': 0, 'zh': 2}",user
LiamHuang,"{'en': 1, 'zh': 35}",user
Longyiroyue,"{'en': 0, 'zh': 2}",user
Bagakuco,"{'en': 0, 'zh': 74}",user
103.135.101.62,"{'en': 0, 'zh': 2}",user
LIUs1812,"{'en': 16, 'zh': 15}",user
Kevin Smith Chen,"{'en': 0, 'zh': 2}",user
Tigerzeng,"{'en': 70, 'zh': 81}",user
176.122.156.153,"{'en': 0, 'zh': 3}",user
139.162.59.83,"{'en': 0, 'zh': 4}",user
47.56.192.93,"{'en': 0, 'zh': 2}",user
Zhishengxia,"{'en': 1, 'zh': 25}",user
122.121.54.31,"{'en': 0, 'zh': 3}",user
218.250.110.181,"{'en': 0, 'zh': 3}",user
TSN789,"{'en': 0, 'zh': 69}",user
218.250.110.135,"{'en': 0, 'zh': 2}",user
CommonsDelinker,"{'en': 97, 'zh': 88}",user
SakuragawaSara,"{'en': 8, 'zh': 46}",user
Jimmyshjj,"{'en': 73, 'zh': 62}",user
172.104.172.235,"{'en': 0, 'zh': 2}",user
118.140.62.166,"{'en': 0, 'zh': 2}",user
Happykonger,"{'en': 0, 'zh': 2}",user
Googol19980904,"{'en': 26, 'zh': 50}",user
Hjh474,"{'en': 15, 'zh': 58}",user
203.186.25.38,"{'en': 1, 'zh': 4}",user
210.3.92.210,"{'en': 68, 'zh': 93}",user
Jimmy-bot,"{'en': 0, 'zh': 97}",user
Sir Jorah Moment,"{'en': 0, 'zh': 1}",user
WhitePhosphorus-bot,"{'en': 1, 'zh': 70}",user
Kelly Hwong,"{'en': 0, 'zh': 1}",user
158.182.31.248,"{'en': 0, 'zh': 11}",user
47.244.112.170,"{'en': 0, 'zh': 2}",user
221.126.237.230,"{'en': 0, 'zh': 6}",user
42.200.115.128,"{'en': 0, 'zh': 2}",user
BakaChinatsu,"{'en': 2, 'zh': 68}",user
173.255.253.109,"{'en': 0, 'zh': 3}",user
波斯波莉斯,"{'en': 0, 'zh': 1}",user
118.140.135.14,"{'en': 31, 'zh': 18}",user
Leolokey,"{'en': 9, 'zh': 91}",user
2a02:8108:97c0:168:4425:203a:4b59:d199,"{'en': 0, 'zh': 3}",user
103.102.7.41,"{'en': 0, 'zh': 2}",user
219.76.26.41,"{'en': 0, 'zh': 2}",user
Ntuccy,"{'en': 2, 'zh': 28}",user
130.102.13.7,"{'en': 2, 'zh': 3}",user
153.120.51.24,"{'en': 0, 'zh': 4}",user
Rhxrhhrbhhrbx,"{'en': 27, 'zh': 68}",user
Hhsj,"{'en': 2, 'zh': 47}",user
刘予安,"{'en': 0, 'zh': 1}",user
2001:b400:e302:9e28:a990:c414:e76a:a044,"{'en': 0, 'zh': 3}",user
123.192.105.251,"{'en': 0, 'zh': 7}",user
张传民,"{'en': 0, 'zh': 1}",user
AINH,"{'en': 38, 'zh': 59}",user
2001:b011:7001:152a:f125:c7ab:1b2e:f26e,"{'en': 0, 'zh': 2}",user
43.229.28.104,"{'en': 0, 'zh': 4}",user
134.71.249.201,"{'en': 15, 'zh': 17}",user
Lifeingenso,"{'en': 1, 'zh': 54}",user
百战天虫,"{'en': 0, 'zh': 1}",user
脂肪酸钠,"{'en': 0, 'zh': 1}",user
203.223.18.15,"{'en': 0, 'zh': 3}",user
林劲松,"{'en': 0, 'zh': 1}",user
KSroido,"{'en': 0, 'zh': 39}",user
Martinleeming,"{'en': 4, 'zh': 64}",user
Yunner,"{'en': 37, 'zh': 49}",user
ZZyXX,"{'en': 7, 'zh': 73}",user
Tongtongood,"{'en': 0, 'zh': 14}",user
Ntlshuanghe4629,"{'en': 1, 'zh': 41}",user
Manchiu,"{'en': 59, 'zh': 56}",user
45.114.164.10,"{'en': 1, 'zh': 8}",user
Classy Melissa,"{'en': 0, 'zh': 1}",user
联合果君,"{'en': 0, 'zh': 1}",user
Flyinet,"{'en': 13, 'zh': 43}",user
CommInt'l,"{'en': 29, 'zh': 47}",user
JAK,"{'en': 51, 'zh': 33}",user
Zhangguozhen,"{'en': 1, 'zh': 34}",user
Raccoozzy,"{'en': 15, 'zh': 25}",user
Superman12345,"{'en': 1, 'zh': 24}",user
葉又嘉,"{'en': 0, 'zh': 1}",user
Davidzdh,"{'en': 33, 'zh': 78}",user
Tiouraren,"{'en': 73, 'zh': 56}",user
Iflwlou,"{'en': 92, 'zh': 18}",user
チルノ,"{'en': 0, 'zh': 1}",user
橙子木,"{'en': 0, 'zh': 1}",user
小籃子,"{'en': 0, 'zh': 1}",user
Cypp0847,"{'en': 54, 'zh': 39}",user
MNXANL,"{'en': 75, 'zh': 82}",user
堕天圣黑猫,"{'en': 0, 'zh': 1}",user
TongcyDai,"{'en': 75, 'zh': 95}",user
Xiangui,"{'en': 1, 'zh': 56}",user
周雁棠,"{'en': 0, 'zh': 1}",user
A635683851,"{'en': 4, 'zh': 27}",user
Sayorimayu,"{'en': 6, 'zh': 67}",user
34Unionist,"{'en': 10, 'zh': 27}",user
Esate,"{'en': 2, 'zh': 42}",user
社会我佩奇,"{'en': 0, 'zh': 1}",user
AegonINVICTUS,"{'en': 1, 'zh': 25}",user
Renamed user 9ff13960de57f6ee9b1a65311efbb0be,"{'en': 0, 'zh': 1}",user
Viztor,"{'en': 57, 'zh': 42}",user
Aoke1989,"{'en': 77, 'zh': 58}",user
Wwbread,"{'en': 77, 'zh': 95}",user
Es91213,"{'en': 7, 'zh': 30}",user
NHC,"{'en': 6, 'zh': 64}",user
Lsq 1973,"{'en': 0, 'zh': 1}",user
BrianYWH,"{'en': 4, 'zh': 34}",user
Vicky2019000,"{'en': 1, 'zh': 61}",user
DavidHuai1999,"{'en': 48, 'zh': 46}",user
HMGiovanniV,"{'en': 41, 'zh': 46}",user
Hoidj,"{'en': 6, 'zh': 73}",user
1.162.109.53,"{'en': 0, 'zh': 6}",user
Andrew0915,"{'en': 0, 'zh': 23}",user
Aizag,"{'en': 33, 'zh': 18}",user
Interestinges.,"{'en': 0, 'zh': 3}",user
51.68.29.87,"{'en': 1, 'zh': 26}",user
Kerolf666,"{'en': 19, 'zh': 49}",user
96.49.161.76,"{'en': 2, 'zh': 2}",user
用户1号,"{'en': 0, 'zh': 1}",user
Xiplus,"{'en': 73, 'zh': 76}",user
42.98.146.197,"{'en': 2, 'zh': 2}",user
Jc lau49086,"{'en': 0, 'zh': 1}",user
Cewbot,"{'en': 100, 'zh': 16}",user
So47009,"{'en': 9, 'zh': 28}",user
219.76.25.137,"{'en': 15, 'zh': 86}",user
203.71.175.103,"{'en': 0, 'zh': 26}",user
Ehime,"{'en': 16, 'zh': 72}",user
193.37.255.26,"{'en': 4, 'zh': 4}",user
13.231.191.215,"{'en': 0, 'zh': 2}",user
45.114.164.197,"{'en': 0, 'zh': 3}",user
CopperSulfate,"{'en': 28, 'zh': 79}",user
103.192.227.149,"{'en': 1, 'zh': 3}",user
WhitePhosphorus,"{'en': 88, 'zh': 89}",user
223.255.183.194,"{'en': 3, 'zh': 31}",user
178.203.233.171,"{'en': 0, 'zh': 4}",user
ZENGasd56578asdasd,"{'en': 0, 'zh': 66}",user
45.114.164.72,"{'en': 0, 'zh': 3}",user
180.172.41.172,"{'en': 1, 'zh': 2}",user
97.64.42.198,"{'en': 0, 'zh': 2}",user
DST763291,"{'en': 7, 'zh': 77}",user
Antigng,"{'en': 57, 'zh': 40}",user
103.201.129.106,"{'en': 0, 'zh': 10}",user
“香港”的版本历史 - 维基百科，自由的百科全书,{'zh': 1},article
Sakramenti,"{'en': 3, 'zh': 32}",user
OmgJasonSYF1220,"{'en': 0, 'zh': 54}",user
Arthur011hk,"{'en': 0, 'zh': 36}",user
佛祖西来,"{'en': 0, 'zh': 1}",user
Zhenyuan0402,"{'en': 1, 'zh': 47}",user
MoonLight3650,"{'en': 4, 'zh': 51}",user
Godsfewew1232s,"{'en': 54, 'zh': 47}",user
Lzzlnc,"{'en': 0, 'zh': 34}",user
Feliciano0908,"{'en': 0, 'zh': 28}",user
Liu116,"{'en': 87, 'zh': 55}",user
CRHK128,"{'en': 0, 'zh': 32}",user
木靈芝,"{'en': 0, 'zh': 1}",user
Lord Jaraxxus,"{'en': 0, 'zh': 1}",user
Arronwan,"{'en': 5, 'zh': 47}",user
Pktlaurence,"{'en': 21, 'zh': 43}",user
JuneAugust,"{'en': 57, 'zh': 32}",user
Qiu Xingxiang,"{'en': 0, 'zh': 1}",user
Sanmosa,"{'en': 33, 'zh': 21}",user
四条河原町,"{'en': 0, 'zh': 1}",user
Chankwunyu,"{'en': 0, 'zh': 28}",user
Nickice,"{'en': 59, 'zh': 63}",user
Clithering,"{'en': 42, 'zh': 55}",user
行到水穷处,"{'en': 0, 'zh': 1}",user
Duaneyanan,"{'en': 0, 'zh': 86}",user
Oscar1003,"{'en': 13, 'zh': 21}",user
Kriz Ju,"{'en': 0, 'zh': 1}",user
Cbls1911,"{'en': 42, 'zh': 49}",user
Thomas Chu Tsun On,"{'en': 0, 'zh': 1}",user
Dominic3203,"{'en': 43, 'zh': 47}",user
TjoergenF,"{'en': 8, 'zh': 21}",user
英秀一心,"{'en': 0, 'zh': 1}",user
姒姓賢寧,"{'en': 0, 'zh': 1}",user
Pc1878,"{'en': 93, 'zh': 72}",user
Ccck2004,"{'en': 0, 'zh': 90}",user
Andrewkwok kly.a,"{'en': 0, 'zh': 1}",user
South Melon HK,"{'en': 0, 'zh': 1}",user
一龍驤一,"{'en': 0, 'zh': 1}",user
Lau tommy,"{'en': 0, 'zh': 1}",user
Super Wang,"{'en': 0, 'zh': 1}",user
柳漫,"{'en': 0, 'zh': 1}",user
南環,"{'en': 0, 'zh': 1}",user
Yxh1433,"{'en': 9, 'zh': 53}",user
GriefCrow,"{'en': 29, 'zh': 67}",user
廣東後五虎,"{'en': 0, 'zh': 1}",user
Jjktc,"{'en': 1, 'zh': 82}",user
Marxistfounder,"{'en': 40, 'zh': 48}",user
Lht151083,"{'en': 1, 'zh': 55}",user
陳奕仲,"{'en': 0, 'zh': 1}",user
Linyunpang,"{'en': 36, 'zh': 36}",user
Vincentc19876879,"{'en': 1, 'zh': 38}",user
和平至上,"{'en': 0, 'zh': 1}",user
Bigmorr,"{'en': 82, 'zh': 71}",user
OO920210,"{'en': 0, 'zh': 41}",user
Jasonloi1997,"{'en': 12, 'zh': 28}",user
Miao870714,"{'en': 41, 'zh': 60}",user
Nostalgiacn,"{'en': 4, 'zh': 60}",user
Bfyhdch,"{'en': 66, 'zh': 24}",user
Wen Liangjun,"{'en': 0, 'zh': 1}",user
Ktsquare,"{'en': 78, 'zh': 63}",user
Sam121sam,"{'en': 4, 'zh': 56}",user
Sean Chiu,"{'en': 0, 'zh': 1}",user
Fran1001hk,"{'en': 0, 'zh': 53}",user
Modorcimsatte,"{'en': 0, 'zh': 14}",user
淺藍雪,"{'en': 0, 'zh': 1}",user
60.130.31.73,"{'en': 1, 'zh': 2}",user
BenedictusFX,"{'en': 40, 'zh': 60}",user
175.177.3.140,"{'en': 0, 'zh': 2}",user
49.216.2.115,"{'en': 0, 'zh': 3}",user
182.239.90.109,"{'en': 0, 'zh': 6}",user
2001:b011:5401:443:1089:e5ee:b57b:acba,"{'en': 0, 'zh': 4}",user
125.227.249.127,"{'en': 4, 'zh': 17}",user
158.182.30.227,"{'en': 9, 'zh': 70}",user
2001:b011:1004:18c9:b8e3:d30c:f065:5202,"{'en': 0, 'zh': 3}",user
Madeira94,"{'en': 22, 'zh': 70}",user
Carl Flank,"{'en': 0, 'zh': 1}",user
Wilson Wong123,"{'en': 0, 'zh': 1}",user
-Zest,"{'en': 67, 'zh': 64}",user
Whisper of the heart,"{'en': 0, 'zh': 1}",user
Amy 98se,"{'en': 0, 'zh': 1}",user
MCC214,"{'en': 61, 'zh': 28}",user
Silvermetals,"{'en': 0, 'zh': 68}",user
218.255.247.50,"{'en': 0, 'zh': 73}",user
183.179.74.249,"{'en': 85, 'zh': 86}",user
122.254.42.188,"{'en': 1, 'zh': 79}",user
ArvinTing,"{'en': 13, 'zh': 17}",user
220.246.150.130,"{'en': 0, 'zh': 8}",user
Jjksc,"{'en': 3, 'zh': 87}",user
Savannahtang,"{'en': 0, 'zh': 3}",user
Ddmmyyy8,"{'en': 41, 'zh': 40}",user
111.98.254.9,"{'en': 0, 'zh': 26}",user
203.198.219.241,"{'en': 0, 'zh': 13}",user
119.236.184.232,"{'en': 0, 'zh': 2}",user
Ffffnm,"{'en': 92, 'zh': 73}",user
Lodi Leung,"{'en': 0, 'zh': 1}",user
Donwun,"{'en': 2, 'zh': 73}",user
NM9561,"{'en': 84, 'zh': 53}",user
XL-028,"{'en': 9, 'zh': 56}",user
Bryanmak lufin,"{'en': 0, 'zh': 1}",user
Dr.Koo,"{'en': 22, 'zh': 18}",user
Takkwun,"{'en': 5, 'zh': 61}",user
だ＊ぜ,"{'en': 0, 'zh': 1}",user
蘇州宇文宙武,"{'en': 0, 'zh': 1}",user
Antigng-bot,"{'en': 0, 'zh': 96}",user
Melop,"{'en': 3, 'zh': 39}",user
Vc06697,"{'en': 68, 'zh': 55}",user
Wuck89,"{'en': 0, 'zh': 38}",user
Sahawx2,"{'en': 31, 'zh': 37}",user
Bxxiaolin,"{'en': 61, 'zh': 58}",user
NYKTNE,"{'en': 47, 'zh': 39}",user
Willy1018-bot,"{'en': 0, 'zh': 101}",user
TeknikkDec27,"{'en': 28, 'zh': 23}",user
2001:b011:1004:1366:c502:d75b:4e90:9778,"{'en': 0, 'zh': 2}",user
2001:b011:1004:1366:3476:d5f7:6e34:4206,"{'en': 0, 'zh': 3}",user
Ken124492,"{'en': 0, 'zh': 7}",user
Phenix Liu,"{'en': 0, 'zh': 1}",user
Edison2017,"{'en': 0, 'zh': 62}",user
14.136.96.84,"{'en': 0, 'zh': 3}",user
LG4761,"{'en': 75, 'zh': 64}",user
161.142.77.129,"{'en': 0, 'zh': 4}",user
150.109.55.87,"{'en': 0, 'zh': 9}",user
59.148.99.148,"{'en': 0, 'zh': 3}",user
Deng Xiaoping,{'en': 1},article
Katyn massacre,{'en': 1},article
Kwalliso,{'en': 1},article
Great Leap Forward,{'en': 1},article
El%20C,"{'en': 79, 'zh': 0}",user
2020 coronavirus pandemic in Quebec,{'en': 1},article
User talk:El C,{'en': 1},article
Wikipedia:Administrators' noticeboard/Incidents,{'en': 1},article
Wikipedia:Administrator intervention against vandalism,{'en': 1},article
Genghis Khan,{'en': 1},article
Economy of the United States,{'en': 1},article
User talk:Akbarmaulana240420001,{'en': 1},article
Wikipedia:Administrators' noticeboard,{'en': 1},article
Vietnam,{'en': 1},article
Al-Andalus,{'en': 1},article
Seed,{'en': 1},article
User talk:Mhhossein,{'en': 1},article
Talk:Wikipedia,{'en': 1},article
Sinophobia,{'en': 1},article
French frigate Chevalier Paul,{'en': 1},article
Talk:2020 coronavirus pandemic in Iran,{'en': 1},article
User talk:Arick2222,{'en': 1},article
RV Polarstern,{'en': 1},article
吴淦,{'zh': 1},article
何炅,{'zh': 1},article
Population decline,{'en': 1},article
Ipeedmypants%20lol,"{'en': 1, 'zh': 0}",user
New Culture Movement,{'en': 1},article
Cai Yuanpei,{'en': 1},article
Kang Youwei,{'en': 1},article
Liang Qichao,{'en': 1},article
Qian Xuesen,{'en': 1},article
Lingchi,{'en': 1},article
Romance of the Three Kingdoms,{'en': 1},article
Chen Geng,{'en': 1},article
Auspicious%20bwszd,"{'en': 4, 'zh': 0}",user
Talk:1989 Tiananmen Square protests,{'en': 1},article
User talk:HaeB,{'en': 1},article
Zoom Video Communications,{'en': 1},article
Alfred the Great,{'en': 1},article
God's Not Dead (film),{'en': 1},article
Nile,{'en': 1},article
Global Times,{'en': 1},article
COVID-19 apps,{'en': 1},article
Anne McClain,{'en': 1},article
George W. Bush,{'en': 1},article
Corn%20Kernel,"{'en': 27, 'zh': 0}",user
Tesla Autopilot,{'en': 1},article
Superpower,{'en': 1},article
Severe acute respiratory syndrome coronavirus 2,{'en': 1},article
Liu Xiaobo,{'en': 1},article
Wikipedia:Requests for page protection,{'en': 1},article
User talk:Lmmnhn,{'en': 1},article
張韶涵,{'zh': 1},article
鳳凰衛視香港台,{'zh': 1},article
凤凰卫视,{'zh': 1},article
清华大学,{'zh': 1},article
历史,{'zh': 1},article
File:SuperM 1st Mini-Album.jpg,{'zh': 1},article
Wikipedia:檔案存廢討論/快速刪除提報,{'zh': 1},article
模块讨论:Portal/images/chinese,{'zh': 1},article
洱海,{'zh': 1},article
User talk:Olithehandsome,{'zh': 1},article
六四事件,{'zh': 1},article
胡志颖,{'zh': 1},article
Wikipedia:互助客栈/求助,{'zh': 1},article
Havsj%C3%B6,"{'en': 61, 'zh': 3}",user
People's Socialist Republic of Albania,{'en': 1},article
Wikipedia:Administrators' noticeboard/Edit warring,{'en': 1},article
Turkish War of Independence,{'en': 1},article
Kingdom of Kongo,{'en': 1},article
Allies of World War II,{'en': 1},article
North Vietnam,{'en': 1},article
South Korea,{'en': 1},article
North Korea,{'en': 1},article
2019 Koreas–United States DMZ Summit,{'en': 1},article
南宋,{'zh': 1},article
赵紫阳,{'zh': 1},article
2019冠狀病毒病疫情相關爭議,{'zh': 1},article
ClueBot%20NG,"{'en': 108, 'zh': 0}",user
Weimaraner,{'en': 1},article
User talk:2409:4060:209:D81A:B367:AE9E:57D7:196D,{'en': 1},article
Garden High School,{'en': 1},article
User talk:131.100.242.229,{'en': 1},article
User talk:68.199.24.247,{'en': 1},article
User talk:121.6.187.0,{'en': 1},article
Binary form,{'en': 1},article
User talk:41.113.24.35,{'en': 1},article
Culture Spears,{'en': 1},article
VN-Zoom,{'en': 1},article
2020 coronavirus pandemic in the United States,{'en': 1},article
Guangzhou Baiyun International Airport,{'en': 1},article
Haikou Meilan International Airport,{'en': 1},article
Taoyuan International Airport,{'en': 1},article
Diori Hamani International Airport,{'en': 1},article
Beijing Capital International Airport,{'en': 1},article
Shenzhen Bao'an International Airport,{'en': 1},article
Seattle–Tacoma International Airport,{'en': 1},article
2019–20 coronavirus pandemic,{'en': 1},article
Rodrigo%20Valequez,"{'en': 63, 'zh': 0}",user
Wikipedia:Help desk,{'en': 1},article
Ahegao,{'en': 1},article
Shadow the Hedgehog,{'en': 1},article
Driving licence in Singapore,{'en': 1},article
Human rights in China,{'en': 1},article
Bank,{'en': 1},article
Zaira Wasim,{'en': 1},article
Ownership of Rangers F.C.,{'en': 1},article
Wikipedia logo,{'en': 1},article
Tsinghua University,{'en': 1},article
Central Hospital of Wuhan,{'en': 1},article
Misinformation related to the 2019–20 coronavirus pandemic,{'en': 1},article
Shanghai Stock Exchange,{'en': 1},article
Hong Kong Stock Exchange,{'en': 1},article
Charles%20Essie,"{'en': 88, 'zh': 0}",user
Wikipedia:Requested articles/Social sciences/Politics and government,{'en': 1},article
Wikipedia:Village pump (proposals),{'en': 1},article
United States,{'en': 1},article
Li Wenliang,{'en': 1},article
Tablighi Jamaat,{'en': 1},article
Economy of Croatia,{'en': 1},article
2020 Summer Olympics,{'en': 1},article
Impact of the 2019–20 coronavirus pandemic on the music industry,{'en': 1},article
Impact of the 2019–20 coronavirus pandemic on crime,{'en': 1},article
Impact of the 2019–20 coronavirus pandemic on education,{'en': 1},article
2020 coronavirus pandemic in Texas,{'en': 1},article
2020 coronavirus pandemic in Spain,{'en': 1},article
2020 coronavirus pandemic in France,{'en': 1},article
2019–20 coronavirus pandemic in Asia,{'en': 1},article
2020 coronavirus pandemic in the United Kingdom,{'en': 1},article
Coronavirus recession,{'en': 1},article
2020 coronavirus pandemic on Charles de Gaulle,{'en': 1},article
2020 coronavirus pandemic in Ontario,{'en': 1},article
2020 coronavirus pandemic in Nicaragua,{'en': 1},article
2020 coronavirus pandemic in the Philippines,{'en': 1},article
2020 coronavirus pandemic in Kuwait,{'en': 1},article
2020 coronavirus pandemic in California,{'en': 1},article
2020 coronavirus pandemic in Brazil,{'en': 1},article
User talk:Iridescent,{'en': 1},article
Dunning–Kruger effect,{'en': 1},article
Wikipedia:Biographies of living persons/Noticeboard,{'en': 1},article
User talk:Yahboo,{'en': 1},article
Commanders of World War II,{'en': 1},article
Connecticut,{'en': 1},article
Jana Gana Mana,{'en': 1},article
Sinking of the RMS Titanic,{'en': 1},article
Existence of God,{'en': 1},article
Tim Brooke-Taylor,{'en': 1},article
Help:Glossary,{'en': 1},article
Prime Minister of the United Kingdom,{'en': 1},article
Irish War of Independence,{'en': 1},article
DemonDays64%20Bot,"{'en': 100, 'zh': 0}",user
Assassin's Creed Odyssey,{'en': 1},article
Wikipedia:Usernames for administrator attention,{'en': 1},article
Wikipedia:Sockpuppet investigations/Treylen512,{'en': 1},article
Wikipedia:Sockpuppet investigations/Sapurathales2020,{'en': 1},article
Wikipedia:Sockpuppet investigations/John574,{'en': 1},article
Wikipedia:Sockpuppet investigations/Oleksandr Ponom,{'en': 1},article
Wikipedia:Sockpuppet investigations/Cyberfan195,{'en': 1},article
User talk:Macrdhfyxjdn,{'en': 1},article
Percy Jackson: Sea of Monsters,{'en': 1},article
Hanau shootings,{'en': 1},article
Chris%20the%20speller,"{'en': 86, 'zh': 0}",user
Namibia,{'en': 1},article
Nakhon Ratchasima shootings,{'en': 1},article
Impeachment trial of Donald Trump,{'en': 1},article
Template talk:Did you know,{'en': 1},article
Results of the 2020 Democratic Party presidential primaries,{'en': 1},article
2020 Arizona Democratic primary,{'en': 1},article
A.%20Randomdude0000,"{'en': 60, 'zh': 0}",user
2020 Libertarian Party presidential primaries,{'en': 1},article
2020 Democratic Party presidential debates,{'en': 1},article
Michael Bloomberg 2020 presidential campaign,{'en': 1},article
Parasite (2019 film),{'en': 1},article
2020 New Hampshire Democratic primary,{'en': 1},article
Sedinam Moyowasifza-Curry,{'en': 1},article
Battle of Talas,{'en': 1},article
Matthew%20hk,"{'en': 57, 'zh': 57}",user
Wikipedia:Conflict of interest/Noticeboard,{'en': 1},article
Wikipedia:Redirects for discussion/Log/2020 April 16,{'en': 1},article
Talk:Taiwan,{'en': 1},article
Talk:2019–20 Hong Kong protests,{'en': 1},article
Wikipedia talk:WikiProject Football,{'en': 1},article
Fernando Spinelli,{'en': 1},article
A.S.D. S.C. Palazzolo,{'en': 1},article
朴正熙,{'zh': 1},article
南邊圍,{'zh': 1},article
大邱廣域市,{'zh': 1},article
One-China policy,{'en': 1},article
Malaysia,{'en': 1},article
Tetraphobia,{'en': 1},article
Sichuan,{'en': 1},article
Li Ziqi (blogger),{'en': 1},article
Economy of China,{'en': 1},article
Junius Ho,{'en': 1},article
Wang Zhimin,{'en': 1},article
Sun Yat-sen,{'en': 1},article
Qingming Festival,{'en': 1},article
Wukesong Arena,{'en': 1},article
Malaysian Chinese,{'en': 1},article
Tianjin,{'en': 1},article
陳零九,{'zh': 1},article
傅穎,{'zh': 1},article
Wet market,{'en': 1},article
Pearl City Mansion,{'en': 1},article
Novotel Nathan Road Kowloon Hong Kong,{'en': 1},article
Talk:2020 Hong Kong legislative election,{'en': 1},article
Kau To Shan,{'en': 1},article
Opus Hong Kong,{'en': 1},article
City One,{'en': 1},article
LOHAS Park,{'en': 1},article
User talk:Citobun,{'en': 1},article
Cheung Chau Bun Festival,{'en': 1},article
Ghost Festival,{'en': 1},article
50 Cent Party,{'en': 1},article
2020 Hong Kong legislative election,{'en': 1},article
Jack Ma,{'en': 1},article
East Rail line,{'en': 1},article
Law of Hong Kong,{'en': 1},article
Police misconduct allegations during the 2019–20 Hong Kong protests,{'en': 1},article
Bruce Aylward,{'en': 1},article
International Finance Centre (Hong Kong),{'en': 1},article
屯門至赤鱲角連接路,{'zh': 1},article
環保連接系統,{'zh': 1},article
Huanan Seafood Wholesale Market,{'en': 1},article
Coronavirus disease 2019,{'en': 1},article
Template:COVID-19 testing by country,{'en': 1},article
COVID-19 testing,{'en': 1},article
Socio-economic impact of the 2019–20 coronavirus pandemic,{'en': 1},article
2020 Italy coronavirus lockdown,{'en': 1},article
List of incidents of xenophobia and racism related to the 2019–20 coronavirus pandemic,{'en': 1},article
Talk:TikTok,{'en': 1},article
Chinese virus,{'en': 1},article
Talk:Coronavirus disease 2019,{'en': 1},article
Talk:Severe acute respiratory syndrome coronavirus 2,{'en': 1},article
Talk:2019–20 coronavirus pandemic,{'en': 1},article
The Squad (United States Congress),{'en': 1},article
Coronavirus disease 2019,{'zh': 1},article
字节跳动,{'zh': 1},article
抖音,{'zh': 1},article
Template:2019–20 coronavirus pandemic data/Mainland China medical cases chart,{'en': 1},article
Taiwan,{'en': 1},article
2019–20 coronavirus pandemic in mainland China,{'en': 1},article
Template:2019–20 coronavirus pandemic data,{'en': 1},article
Brooklyn,{'en': 1},article
Template:2019–20 coronavirus pandemic,{'en': 1},article
Template talk:2019–20 coronavirus pandemic data,{'en': 1},article
Qing dynasty,{'en': 1},article
Chongqing,{'en': 1},article
Talk:List of incidents of xenophobia and racism related to the 2019–20 coronavirus pandemic,{'en': 1},article
Controversies of the Hong Kong Police Force,{'en': 1},article
Hong Kong Black Police,{'en': 1},article
Death of Chow Tsz-lok,{'en': 1},article
Beating of Ken Tsang,{'en': 1},article
Carrie Lam,{'en': 1},article
Hong Kong Police Force,{'en': 1},article
Talk:Controversies of the Hong Kong Police Force,{'en': 1},article
User talk:Elementautumn,{'en': 1},article
Chinese University of Hong Kong conflict,{'en': 1},article
2019 Yuen Long attack,{'en': 1},article
Hong Kong Human Rights and Democracy Act,{'en': 1},article
Hong Kong Way,{'en': 1},article
Liberate Hong Kong,{'en': 1},article
User talk:Elementautumn,{'zh': 1},article
Wikipedia:当前的破坏,{'zh': 1},article
刘文 (医生),{'zh': 1},article
2019冠狀病毒病湖北省疫情相關執法爭議,{'zh': 1},article
Talk:李文亮,{'zh': 1},article
李文亮,{'zh': 1},article
武汉华南海鲜批发市场,{'zh': 1},article
Template:COVID-19,{'zh': 1},article
义勇军进行曲,{'zh': 1},article
蒋彦永,{'zh': 1},article
石正丽,{'zh': 1},article
胡锡进,{'zh': 1},article
Les Français parlent aux Français,{'en': 1},article
List of Yakuza characters,{'en': 1},article
Vatican City,{'en': 1},article
ICD-11,{'en': 1},article
I Am a Singer (Chinese season 3),{'en': 1},article
Hong Kong International Airport,{'en': 1},article
Voyages of Christopher Columbus,{'en': 1},article
Mexican–American War,{'en': 1},article
百度,{'zh': 1},article
男人 (泰勒絲歌曲),{'zh': 1},article
Acharya Prafulla Chandra Ray Polytechnic,{'en': 1},article
Orthopathy,{'en': 1},article
User talk:2600:8807:C840:401:40E6:8241:6691:AF13,{'en': 1},article
Gog%20the%20Mild,"{'en': 37, 'zh': 0}",user
Ichthyovenator,{'en': 1},article
User talk:Gog the Mild,{'en': 1},article
Wikipedia:WikiProject Good articles/GAN Backlog Drives/April–May 2020,{'en': 1},article
Citation%20bot,"{'en': 133, 'zh': 0}",user
Special Assistance Plan,{'en': 1},article
Population planning in Singapore,{'en': 1},article
Walter Scheidel,{'en': 1},article
2020 NASCAR Cup Series,{'en': 1},article
Shanghai Media Group,{'en': 1},article
Communist Party of China,{'en': 1},article
Mao Zedong,{'en': 1},article
Stamp Act 1765,{'en': 1},article
Woodstock,{'en': 1},article
Mapp v. Ohio,{'en': 1},article
Talk:Key West,{'en': 1},article
Doctor Eggman,{'en': 1},article
Missouri Valley Conference,{'en': 1},article
Shoeless Joe Jackson,{'en': 1},article
Wikipedia:Redirects for discussion/Log/2020 April 18,{'en': 1},article
Wikipedia talk:Template index/User talk namespace,{'en': 1},article
Wikipedia:Templates for discussion/Log/2020 April 15,{'en': 1},article
Styx (band),{'en': 1},article
User talk:Oshwah,{'en': 1},article
2020 coronavirus pandemic in Australia,{'en': 1},article
User:FlightTime Phone/Status,{'en': 1},article
Talk:Main Page,{'en': 1},article
Clint Eastwood,{'en': 1},article
Wikipedia talk:Guestbook for non-Chinese speakers,{'zh': 1},article
Alveolar click,{'en': 1},article
Fuel cell vehicle,{'en': 1},article
BoBoiBoy Galaxy,{'en': 1},article
Talk:Shanghai/GA2,{'en': 1},article
Andrew Yang,{'en': 1},article
Shanghai,{'en': 1},article
Wikipedia:Requests for adminship/Lee Vilenski,{'en': 1},article
2020 coronavirus pandemic on cruise ships,{'en': 1},article
List of Andrew Yang 2020 presidential campaign endorsements,{'en': 1},article
"William Bonville, 1st Baron Bonville",{'en': 1},article
Don't Start Now,{'en': 1},article
Tarzan (1999 film),{'en': 1},article
Vachirawit Chiva-aree,{'en': 1},article
Algeria,{'en': 1},article
User talk:Devolv89,{'en': 1},article
Metro La Raza,{'en': 1},article
Sumer,{'en': 1},article
Politics of Bangladesh,{'en': 1},article
Walter Mondale,{'en': 1},article
Sans (character),{'en': 1},article
The Bullet Train,{'en': 1},article
List of most-liked Instagram posts,{'en': 1},article
Ghana,{'en': 1},article
Romance (Camila Cabello album),{'en': 1},article
Talk:Ashley Grace (singer),{'en': 1},article
User talk:Johnuniq,{'en': 1},article
Roland Juno-60,{'en': 1},article
FlightTime%20Phone,"{'en': 82, 'zh': 0}",user
Wikipedia:Village pump (technical),{'en': 1},article
Greta Thunberg,{'en': 1},article
Mike Shinoda,{'en': 1},article
I'm%20not%20perfect%20but%20I'm%20almost,"{'en': 88, 'zh': 0}",user
2020 NFL Draft,{'en': 1},article
White hole,{'en': 1},article
Wikipedia:Requests for permissions/Pending changes reviewer,{'en': 1},article
User talk:Donner60,{'en': 1},article
Sun%20Creator,"{'en': 24, 'zh': 0}",user
Talk:2020 coronavirus pandemic in the United Kingdom,{'en': 1},article
2019–20 coronavirus pandemic by country and territory,{'en': 1},article
Huawei,{'en': 1},article
China Global Television Network,{'en': 1},article
Radio Free Asia,{'en': 1},article
Africans in Guangzhou,{'en': 1},article
Internet censorship in China,{'en': 1},article
Wikipedia:Requests for permissions/AutoWikiBrowser,{'en': 1},article
Phoenix Television,{'en': 1},article
China Mobile,{'en': 1},article
Xinhua News Agency,{'en': 1},article
Rich%20Farmbrough,"{'en': 41, 'zh': 4}",user
User talk:Rich Farmbrough,{'en': 1},article
The Jim Jones Revue,{'en': 1},article
Zlatan Ibrahimović,{'en': 1},article
Voice%20of%20Clam,"{'en': 61, 'zh': 8}",user
Wikipedia:Requests for adminship/Guy Macon,{'en': 1},article
Gladys West,{'en': 1},article
全球城市,{'zh': 1},article
香港公共屋邨列表,{'zh': 1},article
北京首都国际机场,{'zh': 1},article
User talk:Joel B. Lewis,{'en': 1},article
Fred Singer,{'en': 1},article
Yaakov Litzman,{'en': 1},article
Thomas Modly,{'en': 1},article
Hart Island (Bronx),{'en': 1},article
List of common misconceptions,{'en': 1},article
Wikipedia talk:WikiProject Albums,{'en': 1},article
Jim Irsay,{'en': 1},article
Alibaba Group,{'en': 1},article
Talk:2020 Democratic Party presidential primaries,{'en': 1},article
2020 Democratic Party presidential primaries,{'en': 1},article
Template:2020 Democratic Party presidential primaries,{'en': 1},article
Wikipedia:Discord/auth,{'en': 1},article
Wikipedia:Wikipedia Asian Month/2019/Participants,{'en': 1},article
MrBeast,{'en': 1},article
User talk:K6ka,{'en': 1},article
Wikipedia:WikiProject Articles for creation/Help desk,{'en': 1},article
Essex lorry deaths,{'en': 1},article
首都各界庆祝中华人民共和国成立60周年大会,{'zh': 1},article
反對逃犯條例修訂草案運動,{'zh': 1},article
庆祝中华人民共和国成立70周年大会,{'zh': 1},article
Wikipedia:互助客栈/条目探讨,{'zh': 1},article
Impact of the 2019–20 coronavirus pandemic on sports,{'en': 1},article
The Parsonage Garden at Nuenen,{'en': 1},article
Impact of the 2019–20 coronavirus pandemic on television,{'en': 1},article
Marnie%20Hawes,"{'en': 26, 'zh': 2}",user
2016 United States presidential election,{'en': 1},article
Third-party and independent candidates for the 2016 United States presidential election,{'en': 1},article
2016年美國總統選舉,{'zh': 1},article
Wikipedia:Articles for deletion/Charles Treger,{'en': 1},article
Mong,{'en': 1},article
Wikipedia:Arbitration/Requests/Enforcement,{'en': 1},article
Gimli Glider,{'en': 1},article
User talk:Levivich,{'en': 1},article
User talk:Kudpung,{'en': 1},article
Template:2019–20 coronavirus pandemic data/United States/Virginia medical cases chart,{'en': 1},article
Template:2019–20 coronavirus pandemic data/United States/New Jersey medical cases chart,{'en': 1},article
Template:2019–20 coronavirus pandemic data/United States/New York State medical cases chart,{'en': 1},article
Timeline of the 2020 coronavirus pandemic in the United States,{'en': 1},article
The 1989 World Tour,{'en': 1},article
Lil Uzi Vert,{'en': 1},article
Wikipedia:Articles for creation/recent,{'en': 1},article
Draft:Odum Chijioke John,{'en': 1},article
The%20Account%201,"{'en': 55, 'zh': 0}",user
List of ethnic slurs,{'en': 1},article
China,{'en': 1},article
Hangzhou,{'en': 1},article
Xi Jinping,{'en': 1},article
Totalitarianism,{'en': 1},article
Mass surveillance in China,{'en': 1},article
People's Liberation Army,{'en': 1},article
Shanghai Cooperation Organisation,{'en': 1},article
China–United States relations,{'en': 1},article
2019–2020 Persian Gulf crisis,{'en': 1},article
Warsaw,{'en': 1},article
User talk:Largoplazo,{'en': 1},article
Singapore,{'en': 1},article
Mexico City,{'en': 1},article
2020 Nevada Democratic caucuses,{'en': 1},article
List of national capitals by population,{'en': 1},article
Eugene Gu,{'en': 1},article
Panama City,{'en': 1},article
Wikipedia:Requests for undeletion,{'en': 1},article
Wikipedia:Teahouse,{'en': 1},article
2019 British prorogation controversy,{'en': 1},article
Kuomintang,{'en': 1},article
MG 42,{'en': 1},article
Ten thousand years,{'en': 1},article
RMCD%20bot,"{'en': 36, 'zh': 0}",user
%E5%98%89%E5%82%91,"{'en': 81, 'zh': 78}",user
Tedros Adhanom,{'en': 1},article
Politics of China,{'en': 1},article
Nine-dash line,{'en': 1},article
Timeline of the 2019–20 coronavirus pandemic from November 2019 to January 2020,{'en': 1},article
World Health Organization,{'en': 1},article
List of international trips made by Xi Jinping,{'en': 1},article
2020,{'en': 1},article
Iran,{'en': 1},article
Authoritarianism,{'en': 1},article
Cross-Strait relations,{'en': 1},article
Laos,{'en': 1},article
何晶,{'zh': 1},article
2019冠状病毒病中国大陆疫情相关争议,{'zh': 1},article
2019冠狀病毒病輿論戰爭議,{'zh': 1},article
淡马锡控股,{'zh': 1},article
蔡英文相关争议,{'zh': 1},article
习近平,{'zh': 1},article
動物森友會系列,{'zh': 1},article
2020年動物森友會遭到中國大陸電商下架事件,{'zh': 1},article
2019年冠狀病毒病臺灣疫情相關爭議,{'zh': 1},article
两国集团,{'zh': 1},article
世界卫生组织,{'zh': 1},article
谭德塞,{'zh': 1},article
中華民國與世界衛生組織關係,{'zh': 1},article
2020年4月4日中华人民共和国全国性哀悼活动,{'zh': 1},article
朱德,{'zh': 1},article
2019冠狀病毒病疫情相關條目索引,{'zh': 1},article
2020年中国大陆,{'zh': 1},article
2019冠狀病毒病中國大陸反應與影響,{'zh': 1},article
2019冠狀病毒病中國大陸病例數據,{'zh': 1},article
2019冠状病毒病疫情,{'zh': 1},article
2020年3月,{'zh': 1},article
2019冠狀病毒病朝鮮疫情,{'zh': 1},article
Doc Martin,{'en': 1},article
Moana (2016 film),{'en': 1},article
Government of Bangladesh,{'en': 1},article
Jumanji: The Next Level,{'en': 1},article
Wikipedia:Main Page/Errors,{'en': 1},article
Template:2020 coronavirus pandemic in the United Kingdom,{'en': 1},article
Wikipedia:In the news/Candidates,{'en': 1},article
严重急性呼吸系统综合征冠状病毒2,{'zh': 1},article
2019–20 Hong Kong protests,{'en': 1},article
2019 Abqaiq–Khurais attack,{'en': 1},article
Donald Trump,{'en': 1},article
Xinjiang re-education camps,{'en': 1},article
阿巴坎遗址,{'zh': 1},article
「守護香港反送中」大遊行,{'zh': 1},article
澳大利亚,{'zh': 1},article
差异,{'zh': 1},article
User talk:KirkLU,{'zh': 1},article
陈全国,{'zh': 1},article
Zhonghua,{'en': 1},article
Soviet Union,{'en': 1},article
"Taiwan, China",{'en': 1},article
National emblem of Belarus,{'en': 1},article
List of ethnic groups in China,{'en': 1},article
Transport,{'en': 1},article
2002–2004 SARS outbreak,{'en': 1},article
Illegal immigration,{'en': 1},article
Nanjing Massacre,{'en': 1},article
Beijing,{'en': 1},article
Manchester Metrolink,{'en': 1},article
Seiko Matsuda,{'en': 1},article
臺北城,{'zh': 1},article
鄭秀文,{'zh': 1},article
鄧紫棋,{'zh': 1},article
馬祖列島,{'zh': 1},article
中美关系,{'zh': 1},article
中国人民解放军,{'zh': 1},article
萝卜,{'zh': 1},article
光復,{'zh': 1},article
月台閘門,{'zh': 1},article
中華民國國歌,{'zh': 1},article
孫安佐,{'zh': 1},article
長榮航空,{'zh': 1},article
中華民國外交,{'zh': 1},article
混種狗,{'zh': 1},article
中国画,{'zh': 1},article
ONE PIECE,{'zh': 1},article
2020 United States presidential election,{'en': 1},article
European Union,{'en': 1},article
Shift,{'en': 1},article
Duns Scotus,{'en': 1},article
Democratic socialism,{'en': 1},article
Portal talk:Current events,{'en': 1},article
2020 Taiwanese presidential election,{'en': 1},article
Guangzhou,{'en': 1},article
塞尔维亚,{'zh': 1},article
江西省,{'zh': 1},article
上海市,{'zh': 1},article
李克强,{'zh': 1},article
武汉市,{'zh': 1},article
纽约州,{'zh': 1},article
Protests of 2019,{'en': 1},article
The Holocaust,{'en': 1},article
Chimerica (miniseries),{'en': 1},article
Polish anti-religious campaign,{'en': 1},article
List of Internet phenomena,{'en': 1},article
Coronavirus,{'en': 1},article
Paracetamol,{'en': 1},article
Portal:Coronavirus disease 2019,{'en': 1},article
Syria,{'en': 1},article
耶路撒冷,{'zh': 1},article
以色列,{'zh': 1},article
耶稣,{'zh': 1},article
犹太人,{'zh': 1},article
Eunice Newton Foote,{'en': 1},article
Margot Frank,{'en': 1},article
"Solar eclipse of December 26, 2019",{'en': 1},article
Harmony OS,{'en': 1},article
Ali MacGraw,{'en': 1},article
Bernie Sanders,{'en': 1},article
Tulsi Gabbard,{'en': 1},article
Amy Klobuchar,{'en': 1},article
CGTN (TV channel),{'en': 1},article
Nicki Minaj,{'en': 1},article
Elizabeth Warren,{'en': 1},article
Peter%20Kaminski,"{'en': 81, 'zh': 0}",user
G20,{'en': 1},article
Laszlo%20Panaflex,"{'en': 54, 'zh': 0}",user
Barack Obama,{'en': 1},article
"Albuquerque, New Mexico",{'en': 1},article
NATO,{'en': 1},article
Boxer Rebellion,{'en': 1},article
Red Dead Redemption 2,{'en': 1},article
"Careful%20With%20That%20Axe,%20Eugene","{'en': 75, 'zh': 0}",user
"Citizenship (Amendment) Act, 2019",{'en': 1},article
Hunan cuisine,{'en': 1},article
Geisha,{'en': 1},article
Mikimoto Kōkichi,{'en': 1},article
Radical (Chinese characters),{'en': 1},article
Vanadium redox battery,{'en': 1},article
2020 Taal Volcano eruption,{'en': 1},article
Spanish flu,{'en': 1},article
Bill Clinton,{'en': 1},article
Gilead Sciences,{'en': 1},article
Wikipedia:Sockpuppet investigations/It's gonna be awesome,{'en': 1},article
Wikipedia:WikiProject Deletion sorting/China,{'en': 1},article
Maggie Q,{'zh': 1},article
Wikipedia:申请成为管理员/KirkLU,{'zh': 1},article
亚洲,{'zh': 1},article
Impact of the 2019–20 coronavirus pandemic on religion,{'en': 1},article
Peace of Westphalia,{'en': 1},article
Methane,{'en': 1},article
Windows XP,{'en': 1},article
User talk:Jimbo Wales,{'en': 1},article
Ludo (board game),{'en': 1},article
"Square, Inc.",{'en': 1},article
Synesthesia,{'en': 1},article
Overnight indexed swap,{'en': 1},article
Cthulhu,{'en': 1},article
Impact of the 2019–20 coronavirus pandemic on politics,{'en': 1},article
HD 140283,{'en': 1},article
大齋首日,{'zh': 1},article
Beiyang government,{'en': 1},article
Martin Keamy,{'en': 1},article
Wikipedia:机器人/申请,{'zh': 1},article
Bosnian genocide case,{'en': 1},article
中山装,{'zh': 1},article
约瑟夫·维萨里奥诺维奇·斯大林,{'zh': 1},article
休伯特·帕里,{'zh': 1},article
國防大臣 (英國),{'zh': 1},article
洋服,{'zh': 1},article
拉法耶特侯爵,{'zh': 1},article
加拿大皇家空軍,{'zh': 1},article
中国城市轨道交通系统,{'zh': 1},article
諾貝爾和平獎得主列表,{'zh': 1},article
工党 (英国),{'zh': 1},article
Kakao M,{'en': 1},article
List of countries and dependencies by population,{'en': 1},article
赤納粹,{'zh': 1},article
Wikipedia:Requests for permissions/New page reviewer,{'en': 1},article
Iraqi conflict (2003–present),{'en': 1},article
Wikipedia:Requests for permissions/Rollback,{'en': 1},article
AIDC F-CK-1 Ching-kuo,{'en': 1},article
Ethiopian People's Revolutionary Democratic Front,{'en': 1},article
Ho Chi Minh City,{'en': 1},article
Chiang Kai-shek,{'en': 1},article
Trappist%20the%20monk,"{'en': 42, 'zh': 0}",user
Help talk:Citation Style 1,{'en': 1},article
User talk:Citation bot,{'en': 1},article
Wikipedia talk:Manual of Style,{'en': 1},article
List of megaprojects,{'en': 1},article
Barry Keoghan,{'en': 1},article
摩洛哥,{'zh': 1},article
Pete Buttigieg,{'en': 1},article
Ottawa,{'en': 1},article
Volodymyr Zelensky,{'en': 1},article
First Opium War,{'en': 1},article
Arch Linux,{'zh': 1},article
願榮光歸香港,{'zh': 1},article
香港粵語,{'zh': 1},article
事頭婆,{'zh': 1},article
光復香港，時代革命,{'zh': 1},article
粤语,{'zh': 1},article
Wikipedia:新条目推荐/候选,{'zh': 1},article
九龍,{'zh': 1},article
2007年及2008年香港政治制度改革,{'zh': 1},article
Narky%20Blert,"{'en': 96, 'zh': 0}",user
Wikipedia:Articles for deletion/Log/2020 April 18,{'en': 1},article
Corruption,{'en': 1},article
Rudi Domidian,{'en': 1},article
Eastern Orthodox Church,{'en': 1},article
Winter War,{'en': 1},article
Pandya dynasty,{'en': 1},article
Sigmund Freud,{'en': 1},article
Axis powers,{'en': 1},article
Mohammed Omar,{'en': 1},article
Path%20slopu,"{'en': 91, 'zh': 0}",user
Wikipedia:Reference desk/Humanities,{'en': 1},article
Betelgeuse,{'en': 1},article
Talk:List of common misconceptions,{'en': 1},article
Mina (TWICE),{'zh': 1},article
周子瑜,{'zh': 1},article
徐熙娣,{'zh': 1},article
Rosé (韓國歌手),{'zh': 1},article
范瑋琪,{'zh': 1},article
Angelababy,{'zh': 1},article
菲律宾,{'zh': 1},article
Lisa (泰國歌手),{'zh': 1},article
王心凌,{'zh': 1},article
Julia Roberts,{'en': 1},article
Warsaw Pact,{'en': 1},article
Quasar,{'en': 1},article
Black,{'en': 1},article
Second%20Skin,"{'en': 55, 'zh': 0}",user
Fahrettin Altun,{'en': 1},article
Joe Biden,{'en': 1},article
1906 San Francisco earthquake,{'en': 1},article
Moon Jae-in,{'en': 1},article
Honor (brand),{'en': 1},article
Wuhan Institute of Virology,{'en': 1},article
User talk:MarkH21,{'en': 1},article
Sir%20Aman%20Gulati,"{'en': 15, 'zh': 0}",user
Lakhimpur Kheri district,{'en': 1},article
List of countries by GDP (nominal) per capita,{'en': 1},article
2019 Hong Kong local elections,{'en': 1},article
2019年香港區議會選舉,{'zh': 1},article
Wikipedia:协作计划/报名,{'zh': 1},article
Wikipedia:请求保护页面,{'zh': 1},article
Languages of Taiwan,{'en': 1},article
Chinese language,{'en': 1},article
Han Taiwanese,{'en': 1},article
Uyghurs,{'en': 1},article
"CPC Corporation, Taiwan",{'en': 1},article
Cantonese,{'en': 1},article
Taiwan Province,{'en': 1},article
Academia Sinica,{'en': 1},article
Air China,{'en': 1},article
China Airlines,{'en': 1},article
Chinese New Year,{'en': 1},article
Elaine Chao,{'en': 1},article
Godfrey Gao,{'en': 1},article
Hong Kong–Mainland China conflict,{'en': 1},article
Hong Kong Cantonese,{'en': 1},article
Overseas Chinese,{'en': 1},article
Demographics of Taiwan,{'en': 1},article
第一次世界大战,{'zh': 1},article
中國國民黨,{'zh': 1},article
中华人民共和国被封锁网站列表,{'zh': 1},article
臺灣漢人,{'zh': 1},article
臺灣省政府主席,{'zh': 1},article
中華民國,{'zh': 1},article
臺灣與日本關係史,{'zh': 1},article
臺灣,{'zh': 1},article
白俄罗斯,{'zh': 1},article
珠江三角洲经济区,{'zh': 1},article
Knight%20of%20Gloucestershire,"{'en': 19, 'zh': 0}",user
Talk:Hong Kong,{'en': 1},article
Shinzo Abe,{'en': 1},article
Ocean Park Hong Kong,{'en': 1},article
User talk:Underbar dk,{'en': 1},article
Wei-Yin Chen,{'en': 1},article
Che-hsuan Lin,{'en': 1},article
Chinese martial arts,{'en': 1},article
Nicaragua,{'en': 1},article
Q.%20Northropi,"{'en': 14, 'zh': 0}",user
Macau,{'en': 1},article
Hanja,{'en': 1},article
Gasosaurus,{'en': 1},article
User talk:Feinoa,{'en': 1},article
Singaporeans,{'en': 1},article
欧西玛尼国际机场,{'zh': 1},article
大J,{'zh': 1},article
Zoom,{'zh': 1},article
2019冠狀病毒病臺灣疫情,{'zh': 1},article
明將壽司,{'zh': 1},article
香港網絡用語列表,{'zh': 1},article
2019冠狀病毒病美國疫情,{'zh': 1},article
楊明,{'zh': 1},article
摩纳哥,{'zh': 1},article
Monaco,{'zh': 1},article
2020年夏季奥林匹克运动会,{'zh': 1},article
雨傘革命,{'zh': 1},article
王喜,{'zh': 1},article
對於反對逃犯條例修訂草案運動中香港警隊的批評,{'zh': 1},article
香港車輛號牌,{'zh': 1},article
太子站襲擊事件,{'zh': 1},article
反對逃犯條例修訂草案運動過程 (2019年3月至6月),{'zh': 1},article
Pro-democracy camp (Hong Kong),{'en': 1},article
Queen's University Belfast,{'en': 1},article
University of Hong Kong,{'en': 1},article
City University of Hong Kong,{'en': 1},article
Hong Kong Polytechnic University,{'en': 1},article
List of countries by GDP (PPP),{'en': 1},article
List of countries by GDP (nominal),{'en': 1},article
List of countries by real GDP growth rate,{'en': 1},article
Chinese University of Hong Kong,{'en': 1},article
National Chengchi University,{'en': 1},article
Template:2019冠狀病毒病病例數,{'zh': 1},article
香港浸會大學,{'zh': 1},article
凱爾·斯塔摩,{'zh': 1},article
暨南大学,{'zh': 1},article
贝尔法斯特女王大学,{'zh': 1},article
香港城市大學,{'zh': 1},article
香港中文大學,{'zh': 1},article
香港科技大學,{'zh': 1},article
梁君彥,{'zh': 1},article
張國榮,{'zh': 1},article
林浩波,{'zh': 1},article
香港大學,{'zh': 1},article
香港,{'zh': 1},article
民主派 (香港),{'zh': 1},article
香港理工大學,{'zh': 1},article
嶺南大學 (香港),{'zh': 1},article
2020 coronavirus pandemic in Taiwan,{'en': 1},article
China National Highway 219,{'en': 1},article
Ma Ying-jeou,{'en': 1},article
Talk:Spanish flu,{'en': 1},article
Wikipedia:頁面存廢討論/記錄/2020/03/26,{'zh': 1},article
Talk:2019冠狀病毒病臺灣疫情,{'zh': 1},article
漢字文化圈,{'zh': 1},article
Chongqing Jiangbei International Airport,{'en': 1},article
香港公開大學,{'zh': 1},article
对习近平的争议,{'zh': 1},article
澳門大學,{'zh': 1},article
陳映真,{'zh': 1},article
香港教育大學,{'zh': 1},article
A%20smart%20brainy%20man,"{'en': 9, 'zh': 0}",user
Paris,{'en': 1},article
Gare Montparnasse,{'en': 1},article
Oceania,{'en': 1},article
Robert Mugabe,{'en': 1},article
List of sex symbols,{'en': 1},article
Travel restrictions related to the 2019–20 coronavirus pandemic,{'en': 1},article
List of cities with the most skyscrapers,{'en': 1},article
Ukraine International Airlines Flight 752,{'en': 1},article
PNB 118,{'en': 1},article
YouTube Rewind,{'en': 1},article
Bank of China Tower (Hong Kong),{'en': 1},article
The Hague,{'en': 1},article
User talk:LegioV,{'en': 1},article
Mainland Regional High School (New Jersey),{'en': 1},article
Unit 731,{'en': 1},article
Hongkongers,{'en': 1},article
High-speed rail,{'en': 1},article
Delaware,{'en': 1},article
Philadelphia,{'en': 1},article
"Princeton, New Jersey",{'en': 1},article
Golden State Warriors,{'en': 1},article
2020 Democratic Party vice presidential candidate selection,{'en': 1},article
Taiwanese indigenous peoples,{'en': 1},article
Chinese name,{'en': 1},article
EVA Air,{'en': 1},article
Han Chinese,{'en': 1},article
Chief Executive of Hong Kong,{'en': 1},article
中国大陆非洲猪瘟疫情,{'zh': 1},article
臺灣省,{'zh': 1},article
臺灣省政府,{'zh': 1},article
香港電影金像獎,{'zh': 1},article
中國,{'zh': 1},article
Template:臺灣族群,{'zh': 1},article
中華民國護照,{'zh': 1},article
邱毅,{'zh': 1},article
中国历史,{'zh': 1},article
薩斯喀徹溫省,{'zh': 1},article
基里巴斯,{'zh': 1},article
宋楚瑜,{'zh': 1},article
藏語,{'zh': 1},article
Guam,{'en': 1},article
Visa requirements for Australian citizens,{'en': 1},article
2020 coronavirus pandemic on naval ships,{'en': 1},article
Wikipedia:互助客栈/其他,{'zh': 1},article
梁振英,{'zh': 1},article
港鐵,{'zh': 1},article
陳茂波,{'zh': 1},article
亞洲電視,{'zh': 1},article
「保普選反佔中」大聯盟,{'zh': 1},article
東張西望,{'zh': 1},article
Ruth Bader Ginsburg,{'en': 1},article
Joshua Wong,{'en': 1},article
HSBC Building (Hong Kong),{'en': 1},article
"Stanley, Hong Kong",{'en': 1},article
Cantopop,{'en': 1},article
Demographics of Hong Kong,{'en': 1},article
Democratic development in Hong Kong,{'en': 1},article
Glory to Hong Kong,{'en': 1},article
Claudia Mo,{'en': 1},article
Edward Leung,{'en': 1},article
Wrath%20X,"{'en': 65, 'zh': 0}",user
List of suicide crisis lines,{'en': 1},article
Europe,{'en': 1},article
Parliamentary system,{'en': 1},article
Omnipotence,{'en': 1},article
Presidential system,{'en': 1},article
Semi-presidential system,{'en': 1},article
Maximajorian%20Viridio,"{'en': 100, 'zh': 0}",user
Glorious Revolution,{'en': 1},article
Cumans,{'en': 1},article
Aviation accidents and incidents,{'en': 1},article
Bender%20the%20Bot,"{'en': 100, 'zh': 0}",user
Nora Ephron,{'en': 1},article
Jargo%20Nautilus,"{'en': 21, 'zh': 0}",user
List of active separatist movements in Asia,{'en': 1},article
Talk:2020 Summer Olympics,{'en': 1},article
2019 Australian Parliament infiltration plot,{'en': 1},article
Yongzheng Emperor,{'en': 1},article
2016年夏季奧林匹克運動會,{'zh': 1},article
Wikipedia:互助客栈/方针,{'zh': 1},article
首都,{'zh': 1},article
雍正帝,{'zh': 1},article
香港警察傳統,{'zh': 1},article
MIUI,{'en': 1},article
5G,{'en': 1},article
Hong Kong Diploma of Secondary Education,{'en': 1},article
Instagram,{'en': 1},article
Flutter (software),{'en': 1},article
Fantastic Television,{'en': 1},article
香港人,{'zh': 1},article
隔空投送,{'zh': 1},article
Android Pie,{'zh': 1},article
闪付,{'zh': 1},article
SM娛樂,{'zh': 1},article
Kakao M,{'zh': 1},article
Wear OS,{'zh': 1},article
EMUI,{'zh': 1},article
Peter%20Yeung,"{'en': 53, 'zh': 59}",user
Donald Tsang,{'en': 1},article
Wayne Rooney,{'en': 1},article
Forrest Gump,{'en': 1},article
君比,{'zh': 1},article
張曉明,{'zh': 1},article
黃埔花園,{'zh': 1},article
湯家驊,{'zh': 1},article
Wikipedia:頁面存廢討論/記錄/2019/09/06,{'zh': 1},article
戴耀廷,{'zh': 1},article
Wikipedia:頁面存廢討論/記錄/2019/07/31,{'zh': 1},article
Wikipedia:关注度/提报,{'zh': 1},article
民主建港協進聯盟,{'zh': 1},article
邓小平,{'zh': 1},article
Czech Republic,{'en': 1},article
Lithuania,{'en': 1},article
Kazakhstan,{'en': 1},article
List of countries by Human Development Index,{'en': 1},article
Estonians,{'en': 1},article
Latvia,{'en': 1},article
Russians,{'en': 1},article
List of countries by research and development spending,{'en': 1},article
Wikipedia:Articles for deletion/Chinazi (2nd nomination),{'en': 1},article
Social Credit System,{'en': 1},article
1998,{'en': 1},article
Wikipedia:存廢覆核請求,{'zh': 1},article
香港仇警文宣,{'zh': 1},article
香港黑警,{'zh': 1},article
香港警察相關爭議及犯罪指控,{'zh': 1},article
2020 coronavirus pandemic in India,{'en': 1},article
Holi,{'en': 1},article
Congee,{'en': 1},article
Christmas,{'en': 1},article
User talk:MrOllie,{'en': 1},article
Netflix,{'en': 1},article
Computer science,{'en': 1},article
Airbag,{'en': 1},article
User talk:Abdullah Al Manjur,{'en': 1},article
User talk:TonyBallioni,{'en': 1},article
Talk:2020 coronavirus pandemic in India,{'en': 1},article
Apollo 1,{'en': 1},article
MTR,{'en': 1},article
Kew High School,{'en': 1},article
Dublin Airport,{'en': 1},article
St Joseph's College (Hong Kong),{'en': 1},article
羅湖站 (香港),{'zh': 1},article
何君堯,{'zh': 1},article
殘存國家,{'zh': 1},article
格鲁吉亚,{'zh': 1},article
香港國際機場,{'zh': 1},article
北環綫,{'zh': 1},article
Template:香港逃犯條例爭議,{'zh': 1},article
禁蒙面法,{'zh': 1},article
李家超,{'zh': 1},article
林鄭月娥,{'zh': 1},article
香港警務處,{'zh': 1},article
香港熱帶氣旋警告信號,{'zh': 1},article
2020 coronavirus pandemic in Japan,{'en': 1},article
Chinese people,{'en': 1},article
Rishi Sunak,{'en': 1},article
Keir Starmer,{'en': 1},article
"Takamatsu, Kagawa",{'en': 1},article
Shimonoseki,{'en': 1},article
"Asuka, Nara",{'en': 1},article
"Toba, Mie",{'en': 1},article
磐田市,{'zh': 1},article
霧島市,{'zh': 1},article
鹿屋市,{'zh': 1},article
福山市,{'zh': 1},article
石垣市,{'zh': 1},article
那霸市,{'zh': 1},article
沖繩市,{'zh': 1},article
鲁迅,{'zh': 1},article
高知市,{'zh': 1},article
日產汽車,{'zh': 1},article
三岛由纪夫,{'zh': 1},article
甄子丹,{'zh': 1},article
李小龙,{'zh': 1},article
2019 Dresden heist,{'en': 1},article
"Papers, Please",{'en': 1},article
Afghanistan,{'en': 1},article
Belize,{'en': 1},article
Deaths in 2018,{'en': 1},article
2020 coronavirus pandemic in Italy,{'en': 1},article
Wikipedia:WikiProject Deletion sorting/Women,{'en': 1},article
Wikipedia:WikiProject Deletion sorting/Businesspeople,{'en': 1},article
Emergency Regulations Ordinance,{'en': 1},article
Leader of the Opposition (United Kingdom),{'en': 1},article
Sino-British Joint Declaration,{'en': 1},article
Brexit,{'en': 1},article
Islamic State of Iraq and the Levant,{'en': 1},article
Withdrawal from the European Union,{'en': 1},article
Austria,{'en': 1},article
"Troy, Michigan",{'en': 1},article
Boston,{'en': 1},article
Kailash Satyarthi,{'en': 1},article
Manhattan,{'en': 1},article
Pyongyang,{'en': 1},article
Australia,{'en': 1},article
Philippines,{'en': 1},article
Brunei,{'en': 1},article
South Vietnam,{'en': 1},article
Central Asia,{'en': 1},article
Mathematical finance,{'en': 1},article
Max Born,{'en': 1},article
Chinese remainder theorem,{'en': 1},article
Economy of Lithuania,{'en': 1},article
Economy of New Zealand,{'en': 1},article
Economy of Australia,{'en': 1},article
Economy of Canada,{'en': 1},article
Economy of Japan,{'en': 1},article
Economy of Germany,{'en': 1},article
Komodo dragon,{'en': 1},article
Tea,{'en': 1},article
Roselle%20Charles,"{'en': 34, 'zh': 0}",user
Michael Bloomberg,{'en': 1},article
Wikipedia:Reliable sources/Noticeboard,{'en': 1},article
Talk:China,{'en': 1},article
反對逃犯條例修訂草案運動相關嚴重傷亡事件,{'zh': 1},article
User talk:Sirlanz,{'en': 1},article
Xia Baolong,{'en': 1},article
Zhang Xiaoming,{'en': 1},article
Rose McGowan,{'en': 1},article
讓愛與和平佔領中環,{'zh': 1},article
DOR%20(HK),"{'en': 31, 'zh': 0}",user
Opera%20fera,"{'en': 53, 'zh': 20}",user
2020 Taiwanese legislative election,{'en': 1},article
Hangul,{'en': 1},article
地穴寓言,{'zh': 1},article
马来西亚,{'zh': 1},article
User talk:Doug Weller,{'en': 1},article
The Mandalorian,{'en': 1},article
Reactions to the 2019–20 Hong Kong protests,{'en': 1},article
User talk:Bbb23,{'en': 1},article
Wikipedia:Village pump (policy),{'en': 1},article
Talk:Singapore,{'en': 1},article
Interracial marriage,{'en': 1},article
Turkmens,{'en': 1},article
Talk:Turkmens,{'en': 1},article
Talk:Hong Kong Police Force,{'en': 1},article
Government of Hong Kong,{'en': 1},article
Leung Chun-ying,{'en': 1},article
Democratic Alliance for the Betterment and Progress of Hong Kong,{'en': 1},article
Arunachal Pradesh,{'en': 1},article
Planned community,{'en': 1},article
擔桿列島,{'zh': 1},article
2020 Labour Party leadership election,{'en': 1},article
Genting Dream,{'en': 1},article
World Dream,{'en': 1},article
李洪宽,{'zh': 1},article
Monaco,{'en': 1},article
East Asia,{'en': 1},article
Belt and Road Initiative,{'en': 1},article
香港理工大學衝突,{'zh': 1},article
兩岸三地,{'zh': 1},article
Template talk:2019–20 coronavirus pandemic,{'en': 1},article
Wikipedia talk:WikiProject COVID-19,{'en': 1},article
2020 coronavirus pandemic in Antarctica,{'en': 1},article
Leader of the Labour Party (UK),{'en': 1},article
Mediterranean Sea,{'en': 1},article
Andorra,{'en': 1},article
Cold%20Season,"{'en': 15, 'zh': 85}",user
Talk:Misinformation related to the 2019–20 coronavirus pandemic,{'en': 1},article
Brett Crozier,{'en': 1},article
List of countries by carbon dioxide emissions,{'en': 1},article
安心亞,{'zh': 1},article
汉服,{'zh': 1},article
汉族对周边民族服饰的影响,{'zh': 1},article
汉朝,{'zh': 1},article
User talk:Guofenghao22,{'en': 1},article
Cathay Pacific,{'en': 1},article
重庆江北国际机场,{'zh': 1},article
Douglas MacArthur,{'en': 1},article
香港隧道列表,{'zh': 1},article
民間記者會,{'zh': 1},article
反對逃犯條例修訂草案運動公眾行動列表,{'zh': 1},article
Wikipedia:頁面存廢討論/記錄/2019/08/11,{'zh': 1},article
Talk:反對逃犯條例修訂草案運動,{'zh': 1},article
香港歷史,{'zh': 1},article
劉慧卿,{'zh': 1},article
香港回歸,{'zh': 1},article
Hunter%20Hutchins,"{'en': 73, 'zh': 0}",user
Killing of Peter Fechter,{'en': 1},article
List of epidemics,{'en': 1},article
Teresa Teng,{'en': 1},article
Asian Americans,{'en': 1},article
Raphael Wong,{'en': 1},article
Italy,{'en': 1},article
Japan,{'en': 1},article
Cha chaan teng,{'en': 1},article
77th Golden Globe Awards,{'en': 1},article
WP%20Ludicer,"{'en': 80, 'zh': 0}",user
Beholder (video game),{'en': 1},article
Sydney,{'en': 1},article
Rio de Janeiro,{'en': 1},article
New York Knicks,{'en': 1},article
Abu Dhabi,{'en': 1},article
Canterbury%20Tail,"{'en': 78, 'zh': 0}",user
Haqeem%20Putra,"{'en': 53, 'zh': 0}",user
List of minimum annual leave by country,{'en': 1},article
German language,{'en': 1},article
New Zealand,{'en': 1},article
China–Indonesia relations,{'en': 1},article
Jo-Jo%20Eumerus,"{'en': 71, 'zh': 91}",user
大寮站,{'zh': 1},article
曼徹斯特聯足球俱樂部,{'zh': 1},article
皇家马德里足球俱乐部,{'zh': 1},article
利昂内尔·梅西,{'zh': 1},article
GreenC%20bot,"{'en': 135, 'zh': 0}",user
2020 coronavirus pandemic in Europe,{'en': 1},article
Wikipedia talk:Reliable sources,{'en': 1},article
Cosmopolitanism,{'en': 1},article
Mx.%20Granger,"{'en': 50, 'zh': 95}",user
China–United States trade war,{'en': 1},article
Ketchup,{'en': 1},article
2019冠狀病毒病澳門疫情,{'zh': 1},article
赵昺,{'zh': 1},article
I%20dream%20of%20horses,"{'en': 133, 'zh': 0}",user
User talk:I dream of horses,{'en': 1},article
White%20whirlwind,"{'en': 46, 'zh': 14}",user
廣州城戰役,{'zh': 1},article
天下,{'zh': 1},article
南越国,{'zh': 1},article
Boeing 737 MAX,{'en': 1},article
盧秀燕,{'zh': 1},article
八號坦克鼠式,{'zh': 1},article
直布罗陀,{'zh': 1},article
德克萨斯州,{'zh': 1},article
China Central Television,{'en': 1},article
PewDiePie,{'en': 1},article
Vikings,{'en': 1},article
英国,{'zh': 1},article
第二次世界大战,{'zh': 1},article
乌克兰,{'zh': 1},article
弗拉基米尔·普京,{'zh': 1},article
MediaWiki:Gadgets-definition,{'en': 1},article
Wikipedia:Village pump (miscellaneous),{'en': 1},article
MediaWiki:Gadgets-definition,{'zh': 1},article
Dependent territory,{'en': 1},article
P.T.%20Aufrette,"{'en': 50, 'zh': 4}",user
List of tallest buildings in Hong Kong,{'en': 1},article
List of tallest buildings in China,{'en': 1},article
"The Ritz-Carlton, Hong Kong",{'en': 1},article
環球貿易廣場,{'zh': 1},article
Hong Kong Disneyland,{'en': 1},article
2020年香港立法會選舉,{'zh': 1},article
User talk:Lmmnhn,{'zh': 1},article
2019年香港區議會選舉結果,{'zh': 1},article
香港工會聯合會,{'zh': 1},article
2019年逃犯及刑事事宜相互法律協助法例（修訂）條例草案,{'zh': 1},article
%C3%9Ejarkur,"{'en': 64, 'zh': 0}",user
Ashis%20Mitra,"{'en': 63, 'zh': 0}",user
Hong Kong Tramways,{'en': 1},article
Qingdao,{'en': 1},article
Same-sex marriage in Taiwan,{'en': 1},article
T-Series (company),{'en': 1},article
Hainan,{'en': 1},article
香港特別行政區區旗,{'zh': 1},article
臺北市,{'zh': 1},article
澎湖縣,{'zh': 1},article
朱立倫,{'zh': 1},article
蔣經國,{'zh': 1},article
地鐵列表,{'zh': 1},article
Letitia Wright,{'en': 1},article
Foster%20tree,"{'en': 45, 'zh': 1}",user
Pornhub,{'en': 1},article
Germany,{'en': 1},article
Republic of China (1912–1949),{'en': 1},article
Tai Mo Shan,{'en': 1},article
Li Ka-shing,{'en': 1},article
拔萃男書院,{'zh': 1},article
新城電台,{'zh': 1},article
徐克,{'zh': 1},article
新法書院,{'zh': 1},article
2020 coronavirus pandemic in Canada,{'en': 1},article
Chinese Singaporeans,{'en': 1},article
Ming dynasty,{'en': 1},article
Chinese Filipino,{'en': 1},article
Hokkien,{'en': 1},article
Shang dynasty,{'en': 1},article
Category:Proto-languages without target families,{'en': 1},article
Nasal retroflex click,{'en': 1},article
天狗 (日本),{'zh': 1},article
Guangdong,{'en': 1},article
Zhengzhou,{'en': 1},article
中华人民共和国省级行政区地区生产总值列表,{'zh': 1},article
L0系高速列车,{'zh': 1},article
2018－2020年中美贸易战,{'zh': 1},article
英聯邦王國,{'zh': 1},article
何韻詩,{'zh': 1},article
汪精卫政权,{'zh': 1},article
新墨西哥州,{'zh': 1},article
大韩民国,{'zh': 1},article
华盛顿哥伦比亚特区,{'zh': 1},article
Taiwan–United States relations,{'en': 1},article
勿謂言之不預也,{'zh': 1},article
纪念中国人民抗日战争暨世界反法西斯战争胜利70周年大会,{'zh': 1},article
小米10国际版包装盒争议事件,{'zh': 1},article
武汉返台包机风波,{'zh': 1},article
趙少康,{'zh': 1},article
阿滴英文,{'zh': 1},article
臺南市,{'zh': 1},article
放學後堤防日誌,{'zh': 1},article
第三次世界大戰,{'zh': 1},article
中华人民共和国,{'zh': 1},article
黃復興黨部,{'zh': 1},article
臺北市私立延平高級中學,{'zh': 1},article
Vladivostok,{'en': 1},article
劉仲敬,{'zh': 1},article
User talk:Shizhao,{'en': 1},article
Wikipedia:互助客栈/技术,{'zh': 1},article
Wikipedia:頁面存廢討論/記錄/2020/04/13,{'zh': 1},article
大屠杀列表,{'zh': 1},article
1972年,{'zh': 1},article
Wikipedia:字词转换/地区词候选,{'zh': 1},article
Wikipedia:頁面存廢討論/記錄/2020/04/09,{'zh': 1},article
E-Hentai,{'zh': 1},article
Template:Itn,{'zh': 1},article
Wikipedia:新闻动态候选,{'zh': 1},article
Wikipedia:頁面存廢討論/記錄/2020/04/05,{'zh': 1},article
方舟子,{'zh': 1},article
北京市,{'zh': 1},article
Wikipedia:頁面存廢討論/記錄/2020/04/02,{'zh': 1},article
User talk:Kevin Smith Chen,{'zh': 1},article
總統,{'zh': 1},article
中国大陆网络用语列表,{'zh': 1},article
小米集團,{'zh': 1},article
時代雜誌,{'zh': 1},article
一国两制,{'zh': 1},article
中国互联网维护日,{'zh': 1},article
文化大革命,{'zh': 1},article
2019冠狀病毒病疫情世界衛生組織相關爭議,{'zh': 1},article
外国人永久居留管理条例,{'zh': 1},article
李洪志,{'zh': 1},article
六四清场,{'zh': 1},article
关东州,{'zh': 1},article
2019冠狀病毒病中國大陸疫區封鎖措施,{'zh': 1},article
鲍里斯·约翰逊,{'zh': 1},article
2019冠状病毒病,{'zh': 1},article
小汤山医院,{'zh': 1},article
埃及,{'zh': 1},article
國 (政治實體),{'zh': 1},article
鸟,{'zh': 1},article
2019冠狀病毒病疫情相關排外及種族主義,{'zh': 1},article
中苏交恶,{'zh': 1},article
台灣與香港關係,{'zh': 1},article
火神山医院,{'zh': 1},article
Miyu Kubota,{'en': 1},article
輝夜姬想讓人告白～天才們的戀愛頭腦戰～,{'zh': 1},article
掠奪者 (漫畫),{'zh': 1},article
回形针PaperClip,{'zh': 1},article
台湾省 (中华人民共和国),{'zh': 1},article
PanDownload,{'zh': 1},article
Wikipedia:需要管理員注意的用戶名,{'zh': 1},article
Wikipedia:防滥用过滤器/错误报告,{'zh': 1},article
杨宜勇,{'zh': 1},article
普通话,{'zh': 1},article
User talk:Fghtdrtyy,{'zh': 1},article
Wikipedia:修订版本删除请求,{'zh': 1},article
Wikipedia:沙盒,{'zh': 1},article
User talk:AlexLeeCN,{'zh': 1},article
迷你世界,{'zh': 1},article
Draft:音樂萬萬歲,{'zh': 1},article
海蒂·格林,{'zh': 1},article
Wikipedia:權限申請/申請回退權,{'zh': 1},article
User talk:Natureindex,{'zh': 1},article
Wikipedia:管理员通告板/3RR,{'zh': 1},article
親中華民國,{'zh': 1},article
中国共产党,{'zh': 1},article
繁体字,{'zh': 1},article
%E9%9B%B7%E7%94%B5%E5%89%91%E9%9B%A8,"{'en': 0, 'zh': 31}",user
User:胡葡萄/人氣維基人列表,{'zh': 1},article
User:雷电剑雨/訪客簽名區,{'zh': 1},article
User:Xavier Ariad/接待室,{'zh': 1},article
Wikipedia:頁面存廢討論/疑似侵權,{'zh': 1},article
Peter-bomb%20king,"{'en': 0, 'zh': 43}",user
2002年被中华人民共和国处决的死刑犯列表,{'zh': 1},article
甘肃省天水市中级人民法院,{'zh': 1},article
反右运动,{'zh': 1},article
江泽民,{'zh': 1},article
Talk:Huoshenshan Hospital,{'en': 1},article
Huoshenshan Hospital,{'en': 1},article
Chunyun,{'en': 1},article
User talk:WhisperToMe,{'en': 1},article
Wu Tsing-fong,{'en': 1},article
The East Is Red (song),{'en': 1},article
Wikipedia:頁面存廢討論/記錄/2020/04/15,{'zh': 1},article
User talk:Martinleeming,{'zh': 1},article
Wikipedia:申请成为管理员/Sanmosa,{'zh': 1},article
薛秀真,{'zh': 1},article
崔宥貞,{'zh': 1},article
金峻铉,{'zh': 1},article
魏智雄,{'zh': 1},article
Wikipedia:元維基用戶查核請求,{'zh': 1},article
志村健,{'zh': 1},article
Wikipedia:頁面存廢討論/記錄/2020/04/11,{'zh': 1},article
User talk:03ktss,{'zh': 1},article
2019冠状病毒病疫情相关旅行限制,{'zh': 1},article
朝鲜战争,{'zh': 1},article
女性主義,{'zh': 1},article
2019冠状病毒病阴谋论,{'zh': 1},article
品葱,{'zh': 1},article
User talk:D7CY689,{'zh': 1},article
寻衅滋事罪,{'zh': 1},article
新疆再教育營,{'zh': 1},article
對中國共產黨摘取法輪功學員及良心犯器官的指控,{'zh': 1},article
对中国共产党的评论,{'zh': 1},article
Jay Chou,{'en': 1},article
User talk:420peace,{'zh': 1},article
User talk:DavidHuai1999,{'zh': 1},article
2019冠狀病毒病全球各地疫情,{'zh': 1},article
Talk:2019冠狀病毒病全球各地疫情,{'zh': 1},article
Wikipedia:優良條目評選/提名區,{'zh': 1},article
%E3%82%A2%E3%83%8F%E3%81%A1%E3%82%83%E3%82%93,"{'en': 0, 'zh': 11}",user
%E6%9C%B4%E7%9B%8A%E9%A1%BA%E5%AE%89,"{'en': 33, 'zh': 29}",user
土星,{'zh': 1},article
共和制,{'zh': 1},article
%E4%B9%98%E9%BE%99%E8%A7%82%E9%9F%B3,"{'en': 0, 'zh': 18}",user
中华人民共和国历史,{'zh': 1},article
Patlabor%20Ingram,"{'en': 18, 'zh': 55}",user
Type 055 destroyer,{'en': 1},article
Standing Committee of the National People's Congress,{'en': 1},article
Template:南海诸岛,{'zh': 1},article
中華人民共和國媒體,{'zh': 1},article
模块:CGroup/Transport,{'zh': 1},article
Talk:2019冠状病毒病疫情,{'zh': 1},article
赵立坚,{'zh': 1},article
严重急性呼吸系统综合征冠状病毒2流行病学溯源,{'zh': 1},article
巴黎圣母院大火,{'zh': 1},article
銚子電鐵1000型電車,{'zh': 1},article
Wikipedia:更改用户名,{'zh': 1},article
Wikipedia:Sandbox,{'en': 1},article
地级市,{'zh': 1},article
Wikipedia:頁面存廢討論/記錄/2020/04/18,{'zh': 1},article
黄岩岛,{'zh': 1},article
三沙市,{'zh': 1},article
海南省,{'zh': 1},article
永暑礁,{'zh': 1},article
Wikipedia:頁面存廢討論/記錄/2020/04/17,{'zh': 1},article
2019冠狀病毒病武漢市疫情,{'zh': 1},article
黑鬼,{'zh': 1},article
鲍毓明性侵案,{'zh': 1},article
方方 (作家),{'zh': 1},article
Ancient Chinese clothing,{'en': 1},article
明朝,{'zh': 1},article
蔡英文學位門,{'zh': 1},article
User talk:Outlookxp,{'zh': 1},article
2019冠狀病毒病疫情相關錯誤資訊,{'zh': 1},article
港人講地,{'zh': 1},article
Wikipedia:可靠来源/布告板,{'zh': 1},article
Talk:2020年動物森友會遭到中國大陸電商下架事件,{'zh': 1},article
立場新聞,{'zh': 1},article
匈牙利1956年革命,{'zh': 1},article
纳吉·伊姆雷,{'zh': 1},article
%E8%9F%B2%E8%9F%B2%E9%A3%9B,"{'en': 9, 'zh': 92}",user
Wikipedia:權限申請/申請巡查豁免權,{'zh': 1},article
民主進步黨,{'zh': 1},article
YouTube,{'zh': 1},article
Talk:2019冠狀病毒病疫情世界衛生組織相關爭議,{'zh': 1},article
張葦航,{'zh': 1},article
Wikipedia:權限申請/申請IP封禁例外權,{'zh': 1},article
常祥保,{'zh': 1},article
User talk:NYKTNE,{'zh': 1},article
User talk:Jingkaimori,{'zh': 1},article
头品顶戴炳文,{'zh': 1},article
越龄,{'zh': 1},article
剑南春,{'zh': 1},article
Wikipedia:Good article reassessment/E language/1,{'en': 1},article
User talk:It's gonna be awesome,{'en': 1},article
Wikipedia talk:維基百科政策簡報/存檔/2020.03.04,{'zh': 1},article
Wikipedia:互助客栈/消息,{'zh': 1},article
Wikipedia:《维基人》/订阅列表,{'zh': 1},article
Wikipedia:机器人/申请/和平-bot/1,{'zh': 1},article
Wikipedia:特色列表评选/提名区,{'zh': 1},article
Wikipedia talk:《维基人》/第十三期/元维基与中文维基,{'zh': 1},article
User talk:Xiplus,{'zh': 1},article
Wikipedia:机器人/申请/复核/不活跃机器人,{'zh': 1},article
Wikipedia:已删除内容查询,{'zh': 1},article
User talk:BenedictusFX,{'zh': 1},article
User talk:Sunny00217,{'zh': 1},article
全国人民代表大会常务委员会关于全面禁止非法野生动物交易、革除滥食野生动物陋习、切实保障人民群众生命健康安全的决定,{'zh': 1},article
%E7%82%B8%E8%A3%82%E9%A6%99%E5%B7%B4,"{'en': 0, 'zh': 1}",user
Talk:六四事件,{'zh': 1},article
半总统制,{'zh': 1},article
香港特別行政區排名名單,{'zh': 1},article
愛·回家之開心速遞,{'zh': 1},article
香港電影分級制度,{'zh': 1},article
高虹安,{'zh': 1},article
林昶佐,{'zh': 1},article
邱鋒澤,{'zh': 1},article
重庆市,{'zh': 1},article
Kevin%20Smith%20Chen,"{'en': 23, 'zh': 92}",user
惡俗維基,{'zh': 1},article
科比·布莱恩特,{'zh': 1},article
德维恩·韦德,{'zh': 1},article
Windows 10,{'zh': 1},article
高嘉瑜,{'zh': 1},article
世界各国和地区面积列表,{'zh': 1},article
台灣基進,{'zh': 1},article
斯蒂芬·科里,{'zh': 1},article
熔断机制,{'zh': 1},article
裸体,{'zh': 1},article
八村壘,{'zh': 1},article
1918年流感大流行,{'zh': 1},article
我的世界中国版,{'zh': 1},article
王立強事件,{'zh': 1},article
刘亦菲,{'zh': 1},article
謝和弦,{'zh': 1},article
Cai Xukun,{'en': 1},article
Hong Kong Free Press,{'en': 1},article
User talk:Tigerzeng,{'en': 1},article
河南人,{'zh': 1},article
Wikipedia:申请解除权限,{'zh': 1},article
Wikipedia:通过Unblock-zh申请IP封禁例外指南,{'zh': 1},article
Wikipedia:頁面存廢討論/記錄/2020/04/12,{'zh': 1},article
王坤 (米奇沃克斯),{'zh': 1},article
User talk:柯西演崔南,{'zh': 1},article
瘟疫,{'zh': 1},article
User talk:Pachelbel23,{'zh': 1},article
孔子,{'zh': 1},article
半澤直樹,{'zh': 1},article
第二次鸦片战争,{'zh': 1},article
香港人權與民主法案,{'zh': 1},article
梁凌杰,{'zh': 1},article
林書豪,{'zh': 1},article
Oil lamp,{'en': 1},article
半旗,{'zh': 1},article
苏联元帅列表,{'zh': 1},article
未來統合黨,{'zh': 1},article
蘇日戰爭,{'zh': 1},article
平壤順安國際機場,{'zh': 1},article
中国公民签证要求,{'zh': 1},article
當個創世神事物列表,{'zh': 1},article
我的世界,{'zh': 1},article
2019冠狀病毒病亞洲疫情,{'zh': 1},article
埃塞俄比亚,{'zh': 1},article
邱孟煌,{'zh': 1},article
User:胡葡萄/方志资源,{'zh': 1},article
2019冠狀病毒病新加坡疫情,{'zh': 1},article
2019冠状病毒病英国疫情,{'zh': 1},article
反對逃犯條例修訂草案運動過程 (2020年2月至4月),{'zh': 1},article
2019冠狀病毒病日本反應與影響,{'zh': 1},article
雷士照明,{'zh': 1},article
User talk:Pktlaurence,{'zh': 1},article
肥胖症,{'zh': 1},article
蓝帐汗国世系图,{'zh': 1},article
吳映潔,{'zh': 1},article
Talk:世界卫生组织,{'zh': 1},article
唐湘龍,{'zh': 1},article
呂慧儀,{'zh': 1},article
團貸網,{'zh': 1},article
Phablet,{'en': 1},article
Macau International Airport,{'en': 1},article
Samsung Galaxy Note 10,{'en': 1},article
Wang Yang (politician),{'en': 1},article
2020年大韩民国国会选举,{'zh': 1},article
韩朝关系,{'zh': 1},article
Template:韩国主题,{'zh': 1},article
N号房事件,{'zh': 1},article
反韓,{'zh': 1},article
2019冠狀病毒病國際郵輪疫情,{'zh': 1},article
2019冠狀病毒病日本疫情,{'zh': 1},article
马哈迪·莫哈末,{'zh': 1},article
2019冠狀病毒病韓國疫情,{'zh': 1},article
2020年马来西亚政治危机,{'zh': 1},article
努尔苏丹·纳扎尔巴耶夫,{'zh': 1},article
哈萨克斯坦,{'zh': 1},article
反對逃犯條例修訂草案運動過程 (2020年1月),{'zh': 1},article
Wikipedia:字词转换/修复请求,{'zh': 1},article
袁勃 (诗人),{'zh': 1},article
吕志成,{'zh': 1},article
Sir%20Jorah%20Moment,"{'en': 2, 'zh': 31}",user
Wikipedia:權限申請/申請巡查權,{'zh': 1},article
曾志健中槍事件,{'zh': 1},article
本土派 (香港),{'zh': 1},article
中华人民共和国的政治宣传,{'zh': 1},article
香港中文大學衝突,{'zh': 1},article
中國異見人士與被嫖娼指控的關係,{'zh': 1},article
人体试验,{'zh': 1},article
中華職業棒球大聯盟,{'zh': 1},article
Resort 白神號列車,{'zh': 1},article
2019冠状病毒病海军舰艇疫情,{'zh': 1},article
户高一生,{'zh': 1},article
喬吼舞,{'zh': 1},article
古拉格群岛,{'zh': 1},article
User talk:WhitePhosphorus,{'zh': 1},article
Kelly%20Hwong,"{'en': 0, 'zh': 65}",user
伊丽莎白二世,{'zh': 1},article
北京大学,{'zh': 1},article
虚无主义,{'zh': 1},article
屯門區議會,{'zh': 1},article
汕头大学,{'zh': 1},article
涂謹申,{'zh': 1},article
梁天琦,{'zh': 1},article
董建華,{'zh': 1},article
格蕾塔·通贝里,{'zh': 1},article
黎明行動 (香港),{'zh': 1},article
马鞍山烧人事件,{'zh': 1},article
佔領華爾街,{'zh': 1},article
%E6%B3%A2%E6%96%AF%E6%B3%A2%E8%8E%89%E6%96%AF,"{'en': 4, 'zh': 58}",user
陈云,{'zh': 1},article
1913年奥斯曼帝国政变,{'zh': 1},article
维基百科,{'zh': 1},article
User talk:波斯波莉斯,{'zh': 1},article
St. Margaret's Co-educational English Secondary and Primary School,{'en': 1},article
Tsai Ing-wen,{'en': 1},article
Saint Peter,{'en': 1},article
港鐵中環站列車相撞事故,{'zh': 1},article
Puffy AmiYumi,{'en': 1},article
Circular line (Taipei Metro),{'en': 1},article
华为,{'zh': 1},article
陳家珮,{'zh': 1},article
記者,{'zh': 1},article
九二共識,{'zh': 1},article
颐和园,{'zh': 1},article
新臺幣,{'zh': 1},article
杜鵑花屬,{'zh': 1},article
許志安,{'zh': 1},article
中泰网络大战,{'zh': 1},article
屠杀,{'zh': 1},article
大屠杀,{'zh': 1},article
阿道夫·希特勒,{'zh': 1},article
傀儡政權,{'zh': 1},article
行政院院長,{'zh': 1},article
特别行政区,{'zh': 1},article
同盟國軍事佔領德國,{'zh': 1},article
委內瑞拉總統與議長地位危機,{'zh': 1},article
臺灣問題,{'zh': 1},article
%E5%88%98%E4%BA%88%E5%AE%89,"{'en': 0, 'zh': 4}",user
华国锋,{'zh': 1},article
%E5%BC%A0%E4%BC%A0%E6%B0%91,"{'en': 0, 'zh': 2}",user
User talk:AINH,{'en': 1},article
鄧炳強,{'zh': 1},article
长江三峡水利枢纽工程,{'zh': 1},article
User talk:Himcharlie512,{'zh': 1},article
新型冠状病毒,{'zh': 1},article
特朗普熔断,{'zh': 1},article
Wikipedia:頁面存廢討論/記錄/2020/04/03,{'zh': 1},article
武漢病毒,{'zh': 1},article
User talk:AINH,{'zh': 1},article
以武漢命名的病毒列表,{'zh': 1},article
肖战粉丝举报事件,{'zh': 1},article
華語地區觀看次數達成1億最快的YouTube影片列表,{'zh': 1},article
Template talk:AdvancedSiteNotices,{'zh': 1},article
User talk:Superman12345,{'zh': 1},article
2003年香港七一遊行,{'zh': 1},article
Wikipedia:《求闻》/订阅列表,{'zh': 1},article
CRISPR,{'zh': 1},article
2019年江苏响水天嘉宜化工厂爆炸事故,{'zh': 1},article
%E7%99%BE%E6%88%98%E5%A4%A9%E8%99%AB,"{'en': 6, 'zh': 63}",user
孙笑川,{'zh': 1},article
%E8%84%82%E8%82%AA%E9%85%B8%E9%92%A0,"{'en': 1, 'zh': 21}",user
%E6%9E%97%E5%8A%B2%E6%9D%BE,"{'en': 49, 'zh': 52}",user
Han Kuo-yu,{'en': 1},article
Zhao Ziyang,{'en': 1},article
Wang Qishan,{'en': 1},article
Democratic Progressive Party,{'en': 1},article
王光美,{'zh': 1},article
韓國瑜,{'zh': 1},article
陳水扁,{'zh': 1},article
2016年中華民國總統選舉,{'zh': 1},article
哈佛大学,{'zh': 1},article
孫中山,{'zh': 1},article
网易云音乐,{'zh': 1},article
User talk:Manchiu,{'zh': 1},article
Wikipedia:維基百科政策簡報/List E,{'zh': 1},article
藤原啟治,{'zh': 1},article
蘋果公司,{'zh': 1},article
毛泽东,{'zh': 1},article
中国环球电视网,{'zh': 1},article
蔣中正,{'zh': 1},article
大众汽车,{'zh': 1},article
意大利,{'zh': 1},article
孙杨,{'zh': 1},article
蔡英文,{'zh': 1},article
Public holidays in the United States,{'en': 1},article
六七暴動,{'zh': 1},article
太平天国,{'zh': 1},article
英屬香港,{'zh': 1},article
納粹德國,{'zh': 1},article
Beyond,{'zh': 1},article
黃秋生,{'zh': 1},article
八国联军之役,{'zh': 1},article
北京之战 (1900年),{'zh': 1},article
第一次鸦片战争,{'zh': 1},article
北平市,{'zh': 1},article
尖沙咀,{'zh': 1},article
Wikipedia:典范条目评选/提名区,{'zh': 1},article
Republic of China Military Police,{'en': 1},article
User talk:Outlookxp,{'en': 1},article
Jiang Zemin,{'en': 1},article
Wikipedia:AutoWikiBrowser/CheckPage,{'zh': 1},article
Wikipedia:机器人/申请/和平-bot/2,{'zh': 1},article
閑院宮典仁親王,{'zh': 1},article
Classy%20Melissa,"{'en': 48, 'zh': 44}",user
The Daily Telegraph (Sydney),{'en': 1},article
地铁2033 (游戏),{'zh': 1},article
地鐵：最後的曙光,{'zh': 1},article
Wikipedia:頁面存廢討論/記錄/2020/04/16,{'zh': 1},article
Template:Bulletin,{'zh': 1},article
User talk:Classy Melissa,{'zh': 1},article
%E8%81%94%E5%90%88%E6%9E%9C%E5%90%9B,"{'en': 31, 'zh': 30}",user
建制派 (香港),{'zh': 1},article
油尖旺區議會,{'zh': 1},article
中西區區議會,{'zh': 1},article
灣仔區議會,{'zh': 1},article
总理,{'zh': 1},article
Republic of China Navy,{'en': 1},article
History of China,{'en': 1},article
Chinese Civil War,{'en': 1},article
第十三届全国人民代表大会,{'zh': 1},article
周恩来,{'zh': 1},article
Template:世界主义和世界政府专题,{'zh': 1},article
朝鲜民主主义人民共和国,{'zh': 1},article
2019 Hong Kong extradition bill,{'en': 1},article
Public Order Ordinance,{'en': 1},article
Hong Kong Free Press,{'zh': 1},article
Shumai,{'en': 1},article
中華職棒31年,{'zh': 1},article
Apink,{'zh': 1},article
膜蛤文化,{'zh': 1},article
Template:Editnotices/Page/2019冠状病毒病疫情,{'zh': 1},article
中国病毒,{'zh': 1},article
日俄战争,{'zh': 1},article
%E8%91%89%E5%8F%88%E5%98%89,"{'en': 15, 'zh': 23}",user
Double First Class University Plan,{'en': 1},article
2019冠狀病毒病中國大陸疫情,{'zh': 1},article
戰後中華民國（臺灣）死刑犯列表,{'zh': 1},article
岐阜县,{'zh': 1},article
User:懵懵/Leave trail👣,{'zh': 1},article
临高启明,{'zh': 1},article
白左,{'zh': 1},article
陈秋实 (律师),{'zh': 1},article
蔡徐坤打篮球事件,{'zh': 1},article
骆惠宁,{'zh': 1},article
蓝鲸 (游戏),{'zh': 1},article
List of most-followed Instagram accounts,{'en': 1},article
八哥,{'zh': 1},article
Michael Yeung,{'en': 1},article
莫華倫,{'zh': 1},article
2020年4月逝世人物列表,{'zh': 1},article
威爾斯親王查爾斯,{'zh': 1},article
Template:明朝君主,{'zh': 1},article
%E3%83%81%E3%83%AB%E3%83%8E,"{'en': 10, 'zh': 68}",user
狗肉,{'zh': 1},article
Wikipedia:頁面存廢和諧討論/記錄/2020/04/01,{'zh': 1},article
%E6%A9%99%E5%AD%90%E6%9C%A8,"{'en': 1, 'zh': 57}",user
User talk:橙子木/模块列表,{'zh': 1},article
波音747,{'zh': 1},article
User:Yumetori/Sign,{'zh': 1},article
%E5%B0%8F%E7%B1%83%E5%AD%90,"{'en': 23, 'zh': 66}",user
2019冠状病毒病意大利疫情,{'zh': 1},article
2020年3月臺灣,{'zh': 1},article
Timeline of the 2019–20 Hong Kong protests (November 2019),{'en': 1},article
Time in Taiwan,{'en': 1},article
Special municipality (Taiwan),{'en': 1},article
Taiwanese Americans,{'en': 1},article
Toshi,{'en': 1},article
黄土坡站,{'zh': 1},article
太永浩,{'zh': 1},article
通沪铁路,{'zh': 1},article
上水站 (香港),{'zh': 1},article
%E5%A0%95%E5%A4%A9%E5%9C%A3%E9%BB%91%E7%8C%AB,"{'en': 3, 'zh': 84}",user
五德終始說,{'zh': 1},article
偽基百科,{'zh': 1},article
Executive Yuan,{'en': 1},article
糖尿病,{'zh': 1},article
集合啦！動物森友會,{'zh': 1},article
郝柏村,{'zh': 1},article
中华人民共和国高速铁路,{'zh': 1},article
%E5%91%A8%E9%9B%81%E6%A3%A0,"{'en': 2, 'zh': 38}",user
2019年2月朝美首腦會談,{'zh': 1},article
新加坡LGBT权益,{'zh': 1},article
坦克人,{'zh': 1},article
脫北者,{'zh': 1},article
切尔诺贝利核事故,{'zh': 1},article
Template:Fate/stay night,{'en': 1},article
中国中央电视台国防军事频道,{'zh': 1},article
光之美少女系列,{'zh': 1},article
惠州市,{'zh': 1},article
Lu Xun,{'en': 1},article
战地：叛逆连队2,{'zh': 1},article
戰地風雲3,{'zh': 1},article
朝鲜民主主义人民共和国护照,{'zh': 1},article
中華民國簽證政策,{'zh': 1},article
中华人民共和国言论审查,{'zh': 1},article
巴拉圭,{'zh': 1},article
日本,{'zh': 1},article
龙港市,{'zh': 1},article
袁國勇,{'zh': 1},article
巴塞罗那足球俱乐部,{'zh': 1},article
蔣雅文,{'zh': 1},article
梁美芬,{'zh': 1},article
%E7%A4%BE%E4%BC%9A%E6%88%91%E4%BD%A9%E5%A5%87,"{'en': 70, 'zh': 63}",user
30th anniversary of the 1989 Tiananmen Square protests,{'en': 1},article
Reiwa,{'en': 1},article
王佳婉,{'zh': 1},article
Renamed%20user%209ff13960de57f6ee9b1a65311efbb0be,"{'en': 48, 'zh': 28}",user
Template:2019冠狀病毒病病例數/中國大陸圖表,{'zh': 1},article
冰心,{'zh': 1},article
Wikipedia:頁面存廢討論/記錄/2019/07/19,{'zh': 1},article
List of government space agencies,{'en': 1},article
令和,{'en': 1},article
List of countries by rail transport network size,{'en': 1},article
Jin Yong,{'en': 1},article
Zhongnan University of Economics and Law,{'en': 1},article
I Ching,{'en': 1},article
王双 (曹魏),{'zh': 1},article
澳門,{'zh': 1},article
俄罗斯,{'zh': 1},article
葡萄,{'zh': 1},article
美国,{'zh': 1},article
關東大地震,{'zh': 1},article
Lsq%201973,"{'en': 5, 'zh': 28}",user
中华人民共和国经济,{'zh': 1},article
2019冠狀病毒病香港疫情病例,{'zh': 1},article
2019冠狀病毒病香港疫情,{'zh': 1},article
翟天临,{'zh': 1},article
卡農 (帕海貝爾),{'zh': 1},article
夢的解析,{'zh': 1},article
劍俠情緣網路版參,{'zh': 1},article
User talk:DavidHuai1999,{'en': 1},article
Talk:Acupuncture,{'en': 1},article
翟天临,{'en': 1},article
Eason Chan,{'en': 1},article
徐紫茵,{'zh': 1},article
黑人抬棺专业团队,{'zh': 1},article
加纳,{'zh': 1},article
Cup of Solid Gold,{'en': 1},article
六学 (网络迷因),{'zh': 1},article
反共主義,{'zh': 1},article
环球时报,{'zh': 1},article
圖瓦盧,{'zh': 1},article
Taipei 101,{'en': 1},article
Pornhub,{'zh': 1},article
中华人民共和国被禁出版物列表,{'zh': 1},article
高雄市,{'zh': 1},article
我們真的學不來！,{'zh': 1},article
吳宗憲,{'zh': 1},article
施照子,{'zh': 1},article
%E7%94%A8%E6%88%B71%E5%8F%B7,"{'en': 0, 'zh': 3}",user
User talk:Xiplus,{'en': 1},article
Bitch,{'zh': 1},article
Jc%20lau49086,"{'en': 65, 'zh': 62}",user
香港區議會,{'zh': 1},article
元朗襲擊事件,{'zh': 1},article
民主陣線,{'zh': 1},article
香港LGBT權益,{'zh': 1},article
郭台銘,{'zh': 1},article
中國－加拿大關係,{'zh': 1},article
N95口罩,{'zh': 1},article
「獨立調查、捍衛法治、守護真相、重申五大訴求」遊行,{'zh': 1},article
黑色安息日,{'zh': 1},article
2019年,{'zh': 1},article
港珠澳大橋,{'zh': 1},article
IOS,{'zh': 1},article
金门炮战,{'zh': 1},article
新北市私立南山高級中學,{'zh': 1},article
西班牙内战,{'zh': 1},article
苏铁,{'zh': 1},article
Bilibili,{'zh': 1},article
2019 League of Legends World Championship,{'en': 1},article
英雄联盟2019赛季全球总决赛,{'zh': 1},article
User talk:WhitePhosphorus,{'en': 1},article
User talk:Classy Melissa,{'en': 1},article
Windows 10,{'en': 1},article
印度尼西亚,{'zh': 1},article
印度,{'zh': 1},article
全港性系統評估,{'zh': 1},article
摩根大通,{'zh': 1},article
约翰·皮尔庞特·摩根,{'zh': 1},article
埃博拉出血热,{'zh': 1},article
中山市,{'zh': 1},article
玉林市,{'zh': 1},article
香港人口史,{'zh': 1},article
廣府民系,{'zh': 1},article
客家民系,{'zh': 1},article
湛江市,{'zh': 1},article
东莞市,{'zh': 1},article
梅州市,{'zh': 1},article
朝鲜半岛,{'zh': 1},article
茂名市,{'zh': 1},article
汕尾市,{'zh': 1},article
季炳雄,{'zh': 1},article
User talk:Oscar1003,{'zh': 1},article
澳門科技大學,{'zh': 1},article
反對逃犯條例修訂草案運動中各方使用武器列表,{'zh': 1},article
User talk:Tigerzeng,{'zh': 1},article
屯馬綫,{'zh': 1},article
大圍站,{'zh': 1},article
天佑女王,{'zh': 1},article
大日本帝国,{'zh': 1},article
2019年香港東鐵綫列車出軌事件,{'zh': 1},article
%E4%BD%9B%E7%A5%96%E8%A5%BF%E6%9D%A5,"{'en': 87, 'zh': 152}",user
林俊杰,{'zh': 1},article
王力宏,{'zh': 1},article
台灣日治時期,{'zh': 1},article
朝鲜日据时期,{'zh': 1},article
第五人格 (游戏),{'zh': 1},article
全国广播公司,{'zh': 1},article
NCT,{'zh': 1},article
Arch Linux,{'en': 1},article
Wanchin Basilica of the Immaculate Conception,{'en': 1},article
香港特別行政區護照持有人簽證要求,{'zh': 1},article
慕尤丁,{'zh': 1},article
香港立法會,{'zh': 1},article
郭榮鏗,{'zh': 1},article
第二次約翰遜內閣,{'zh': 1},article
多米尼克·拉布,{'zh': 1},article
第六屆香港立法會,{'zh': 1},article
联合国,{'zh': 1},article
崇真書院,{'zh': 1},article
工黨 (香港),{'zh': 1},article
LIHKG討論區,{'zh': 1},article
%E6%9C%A8%E9%9D%88%E8%8A%9D,"{'en': 1, 'zh': 71}",user
高輪Gateway站,{'zh': 1},article
Lord%20Jaraxxus,"{'en': 74, 'zh': 66}",user
巴斯德消毒法,{'zh': 1},article
香港特別行政區終審法院,{'zh': 1},article
梁皓妤,{'zh': 1},article
User talk:Camouflaged Mirage,{'zh': 1},article
Wikipedia talk:動員令/第十八次動員令,{'zh': 1},article
User talk:Pktlaurence,{'en': 1},article
張舉能,{'zh': 1},article
伯利兹,{'zh': 1},article
Template talk:2019冠狀病毒病病例數,{'zh': 1},article
佩德羅·桑切斯,{'zh': 1},article
风笑天,{'zh': 1},article
Qiu%20Xingxiang,"{'en': 17, 'zh': 55}",user
User:Qiu Xingxiang,{'en': 1},article
User talk:*angys*,{'zh': 1},article
Wikipedia:維基榮譽/申請與變更/申請區,{'zh': 1},article
User:Qiu Xingxiang,{'zh': 1},article
法證先鋒IV,{'zh': 1},article
香港足總盃,{'zh': 1},article
广东省高等学校列表,{'zh': 1},article
User talk:Sanmosa,{'en': 1},article
瑞斯·薩納克,{'zh': 1},article
荃灣路,{'zh': 1},article
%E5%9B%9B%E6%9D%A1%E6%B2%B3%E5%8E%9F%E7%94%BA,"{'en': 15, 'zh': 46}",user
东亚,{'zh': 1},article
京都市,{'zh': 1},article
香港七一衝突,{'zh': 1},article
水樹奈奈,{'zh': 1},article
EMUI,{'en': 1},article
Ip Man (film),{'en': 1},article
華為P30系列,{'zh': 1},article
海參崴,{'zh': 1},article
機場特警 (無綫電視劇),{'zh': 1},article
Chief Secretary for Administration,{'en': 1},article
Charles K. Kao,{'en': 1},article
User talk:Clithering,{'zh': 1},article
模块:CGroup/PoliticiansUK,{'zh': 1},article
温斯顿·丘吉尔,{'zh': 1},article
諾斯勳爵腓特烈·諾斯,{'zh': 1},article
鄧蓮如,{'zh': 1},article
文翠珊,{'zh': 1},article
%E8%A1%8C%E5%88%B0%E6%B0%B4%E7%A9%B7%E5%A4%84,"{'en': 16, 'zh': 76}",user
中山大学,{'en': 1},article
所罗门群岛,{'zh': 1},article
圣文森特和格林纳丁斯,{'zh': 1},article
Talk:嚴重急性呼吸系統綜合症冠狀病毒2型,{'zh': 1},article
Wikipedia:管理员通告板/其他,{'zh': 1},article
Kriz%20Ju,"{'en': 2, 'zh': 49}",user
昭和天皇,{'zh': 1},article
明仁,{'zh': 1},article
德仁,{'zh': 1},article
ONE PIECE角色列表,{'zh': 1},article
傑克 (ONE PIECE),{'zh': 1},article
ONE PIECE用語列表,{'zh': 1},article
Thomas%20Chu%20Tsun%20On,"{'en': 29, 'zh': 51}",user
馬鞍山綫,{'zh': 1},article
實政圓桌,{'zh': 1},article
CRISPR,{'en': 1},article
数学,{'zh': 1},article
Tin Shui Wai,{'en': 1},article
反對逃犯條例修訂草案運動過程 (2019年11月),{'zh': 1},article
%E8%8B%B1%E7%A7%80%E4%B8%80%E5%BF%83,"{'en': 5, 'zh': 76}",user
Wikipedia:頁面存廢討論/記錄/2020/03/14,{'zh': 1},article
周浩鼎,{'zh': 1},article
%E5%A7%92%E5%A7%93%E8%B3%A2%E5%AF%A7,"{'en': 4, 'zh': 72}",user
戴祖儀,{'zh': 1},article
香港民主民生協進會,{'zh': 1},article
香港電台,{'zh': 1},article
春运,{'zh': 1},article
新民黨 (香港),{'zh': 1},article
香港四大天王,{'zh': 1},article
屍戰朝鮮,{'zh': 1},article
夷洲,{'zh': 1},article
Andrewkwok%20kly.a,"{'en': 1, 'zh': 41}",user
各国警察数量列表,{'zh': 1},article
唐狗,{'zh': 1},article
MrBeast,{'zh': 1},article
生物安全等級,{'zh': 1},article
South%20Melon%20HK,"{'en': 0, 'zh': 18}",user
%E4%B8%80%E9%BE%8D%E9%A9%A4%E4%B8%80,"{'en': 0, 'zh': 22}",user
深圳市,{'zh': 1},article
广州市,{'zh': 1},article
防城港市,{'zh': 1},article
新界原居民,{'zh': 1},article
河源市,{'zh': 1},article
Lau%20tommy,"{'en': 2, 'zh': 46}",user
香港特別行政區高等法院,{'zh': 1},article
民主派會議,{'zh': 1},article
Super%20Wang,"{'en': 39, 'zh': 61}",user
Typhoon Mangkhut,{'en': 1},article
Angelababy,{'en': 1},article
TVBS,{'en': 1},article
日本社会党,{'zh': 1},article
%E6%9F%B3%E6%BC%AB,"{'en': 21, 'zh': 52}",user
%E5%8D%97%E7%92%B0,"{'en': 0, 'zh': 71}",user
老子,{'zh': 1},article
Bilibili,{'en': 1},article
金庸,{'zh': 1},article
澳門輕軌,{'zh': 1},article
模块:CGroup/Show,{'zh': 1},article
%E5%BB%A3%E6%9D%B1%E5%BE%8C%E4%BA%94%E8%99%8E,"{'en': 2, 'zh': 25}",user
五虎将,{'zh': 1},article
咏春拳,{'zh': 1},article
比特犬,{'zh': 1},article
杜賓犬,{'zh': 1},article
廣東十虎,{'zh': 1},article
廖化,{'zh': 1},article
星塵鬥士,{'zh': 1},article
反美,{'zh': 1},article
三國殺Online,{'zh': 1},article
将棋 (日本),{'zh': 1},article
名侦探柯南：世纪末的魔术师,{'zh': 1},article
Prime Minister of Singapore,{'en': 1},article
中華民國陸軍,{'zh': 1},article
中華民國（臺灣）,{'zh': 1},article
%E9%99%B3%E5%A5%95%E4%BB%B2,"{'en': 1, 'zh': 62}",user
趙小蘭,{'zh': 1},article
2022年冬季奥林匹克运动会,{'zh': 1},article
蔣麗芸,{'zh': 1},article
澳門足球代表隊,{'zh': 1},article
京都動畫縱火案,{'zh': 1},article
2019年6月12日香港佔領行動,{'zh': 1},article
Instagram,{'zh': 1},article
%E5%92%8C%E5%B9%B3%E8%87%B3%E4%B8%8A,"{'en': 34, 'zh': 131}",user
All Nippon Airways,{'en': 1},article
华娱卫视,{'zh': 1},article
霍巴特级驱逐舰,{'zh': 1},article
Template:Fate/stay night,{'zh': 1},article
2017 London Bridge attack,{'en': 1},article
Wen%20Liangjun,"{'en': 0, 'zh': 36}",user
广东省,{'zh': 1},article
粵港澳大灣區,{'zh': 1},article
香港日佔時期,{'zh': 1},article
User talk:Sanmosa,{'zh': 1},article
2019年7月28日港島區衝突,{'zh': 1},article
Sean%20Chiu,"{'en': 62, 'zh': 33}",user
%E6%B7%BA%E8%97%8D%E9%9B%AA,"{'en': 65, 'zh': 91}",user
乔治·佩尔,{'zh': 1},article
亚洲足球联合会,{'zh': 1},article
USB,{'zh': 1},article
中山大学,{'zh': 1},article
Carl%20Flank,"{'en': 4, 'zh': 11}",user
河南省,{'zh': 1},article
Wilson%20Wong123,"{'en': 10, 'zh': 60}",user
科罗娜,{'zh': 1},article
Ghana,{'zh': 1},article
Whisper%20of%20the%20heart,"{'en': 31, 'zh': 16}",user
Amy%2098se,"{'en': 7, 'zh': 49}",user
天主教郭得勝中學,{'zh': 1},article
加拿大总理列表,{'zh': 1},article
澳大利亞總理,{'zh': 1},article
Scottish Parliament,{'en': 1},article
麗莎·南迪,{'zh': 1},article
安吉拉·雷纳,{'zh': 1},article
令和,{'zh': 1},article
Netflix,{'zh': 1},article
荷兰,{'zh': 1},article
四川省,{'zh': 1},article
青海省,{'zh': 1},article
Usenet,{'zh': 1},article
PewDiePie,{'zh': 1},article
Lodi%20Leung,"{'en': 0, 'zh': 20}",user
Windows XP,{'zh': 1},article
Bryanmak%20lufin,"{'en': 0, 'zh': 8}",user
Empire of Japan,{'en': 1},article
TVBS,{'zh': 1},article
紅磡站,{'zh': 1},article
%E3%81%A0%EF%BC%8A%E3%81%9C,"{'en': 56, 'zh': 55}",user
%E8%98%87%E5%B7%9E%E5%AE%87%E6%96%87%E5%AE%99%E6%AD%A6,"{'en': 31, 'zh': 67}",user
Tuen Mun,{'en': 1},article
McLaren,{'en': 1},article
Template:McLaren,{'en': 1},article
女皇陛下最忠誠的影子內閣,{'zh': 1},article
香港超級聯賽,{'zh': 1},article
Phenix%20Liu,"{'en': 0, 'zh': 9}",user
